Ch,Zy
團,ㄊㄨㄢˊ
漂,"ㄆㄧㄠ
ㄆㄧㄠˇ
ㄆㄧㄠˋ"
土,ㄊㄨˇ
園,ㄩㄢˊ
圓,ㄩㄢˊ
邃,ㄙㄨㄟˋ
麋,ㄇㄧˊ
圖,ㄊㄨˊ
歐,ㄡ
午,ㄨˇ
歎,ㄊㄢˋ
國,ㄍㄨㄛˊ
圈,"ㄑㄩㄢ
ㄐㄩㄢˋ"
麓,ㄌㄨˋ
躍,ㄩㄝˋ
圍,ㄨㄟˊ
圃,ㄆㄨˇ
半,ㄅㄢˋ
圇,ㄌㄨㄣˊ
麟,ㄌㄧㄣˊ
圾,ㄙㄜˋ
死,ㄙˇ
歸,ㄍㄨㄟ
歹,ㄉㄞˇ
圳,ㄗㄨㄣˋ
地,"ㄉㄧˋ
˙ㄉㄜ"
歲,ㄙㄨㄟˋ
南,"ㄋㄢˊ
ㄋㄚˊ"
蕙,ㄏㄨㄟˋ
在,ㄗㄞˋ
莒,ㄐㄩˇ
圮,ㄆㄧˇ
麵,ㄇㄧㄢˋ
圭,ㄍㄨㄟ
武,ㄨˇ
歧,ㄑㄧˊ
此,ㄘˇ
步,ㄅㄨˋ
止,ㄓˇ
正,"ㄓㄥˋ
ㄓㄥ"
歡,ㄏㄨㄢ
劭,ㄕㄠˋ
棲,ㄑㄧ
亂,ㄌㄨㄢˋ
助,ㄓㄨˋ
努,ㄋㄨˇ
了,"˙ㄌㄜ
ㄌㄧㄠˇ"
予,"ㄩˊ
ㄩˇ"
事,ㄕˋ
卒,"ㄗㄨˊ
ㄘㄨˋ"
加,ㄐㄧㄚ
二,ㄦˋ
于,ㄩˊ
云,ㄩㄣˊ
劾,ㄏㄜˊ
互,ㄏㄨˋ
井,ㄐㄧㄥˇ
五,ㄨˇ
聾,ㄌㄨㄥˊ
棧,ㄓㄢˋ
亙,ㄍㄣˋ
些,ㄒㄧㄝ
聳,ㄙㄨㄥˇ
雞,ㄐㄧ
亟,"ㄐㄧˊ
ㄑㄧˋ"
亞,ㄧㄚˋ
亡,ㄨㄤˊ
劍,ㄐㄧㄢˋ
聊,ㄌㄧㄠˊ
亢,"ㄎㄤˋ
ㄍㄤ"
亥,ㄏㄞˋ
交,ㄐㄧㄠ
亦,ㄧˋ
棘,ㄐㄧˊ
亨,ㄏㄥ
享,ㄒㄧㄤˇ
劇,ㄐㄩˋ
亭,ㄊㄧㄥˊ
京,ㄐㄧㄥ
聆,ㄌㄧㄥˊ
亮,ㄌㄧㄤˋ
聘,ㄆㄧㄥˋ
聚,ㄐㄩˋ
功,ㄍㄨㄥ
棄,ㄑㄧˋ
聞,ㄨㄣˊ
力,ㄌㄧˋ
棉,ㄇㄧㄢˊ
聒,ㄍㄨㄚ
人,ㄖㄣˊ
棍,ㄍㄨㄣˋ
聖,ㄕㄥˋ
鴨,ㄧㄚ
藏,"ㄘㄤˊ
ㄗㄤˋ"
鴦,ㄧㄤ
歉,ㄑㄧㄢˋ
踏,ㄊㄚˋ
蕩,ㄉㄤˋ
鴿,ㄍㄜ
萸,ㄩˊ
蕪,ㄨˊ
歇,ㄒㄧㄝ
踞,ㄐㄩˋ
踝,ㄏㄨㄞˊ
牲,ㄕㄥ
踢,ㄊㄧ
鴉,ㄧㄚ
踩,ㄘㄞˇ
踮,ㄉㄧㄢˋ
踱,ㄉㄨㄛˋ
螂,ㄌㄤˊ
鴛,ㄩㄢ
踵,ㄓㄨㄥˇ
踴,ㄩㄥˇ
鴕,ㄊㄨㄛˊ
窸,ㄒㄧ
膏,ㄍㄠ
柄,ㄅㄧㄥˇ
糕,ㄍㄠ
糗,ㄑㄧㄡˇ
糖,ㄊㄤˊ
糙,ㄘㄠ
柏,ㄅㄛˊ
糜,ㄇㄧˊ
糟,ㄗㄠ
糞,ㄈㄣˋ
柔,ㄖㄡˊ
某,ㄇㄡˇ
柑,ㄍㄢ
柒,ㄑㄧ
染,ㄖㄢˇ
糊,ㄏㄨˊ
蕾,ㄌㄟˇ
柚,ㄧㄡˋ
麥,ㄇㄞˋ
查,"ㄔㄚˊ
ㄓㄚ"
里,ㄌㄧˇ
柢,ㄉㄧˇ
系,ㄒㄧˋ
柯,ㄎㄜ
糾,ㄐㄧㄡ
柴,ㄔㄞˊ
柵,ㄓㄚˋ
酪,ㄌㄨㄛˋ
柱,ㄓㄨˋ
糧,ㄌㄧㄤˊ
柳,ㄌㄧㄡˇ
柿,ㄕˋ
糬,ㄕㄨˇ
糯,ㄋㄨㄛˋ
酬,ㄔㄡˊ
縱,"ㄗㄨㄥˋ
ㄗㄨㄥ"
妙,ㄇㄧㄠˋ
襖,ㄠˇ
妝,ㄓㄨㄤ
妞,ㄋㄧㄡ
焙,ㄅㄟˋ
妒,ㄉㄨˋ
妓,ㄐㄧˋ
妖,ㄧㄠ
襄,ㄒㄧㄤ
擣,ㄉㄠˇ
妍,ㄧㄢˊ
藝,ㄧˋ
焉,ㄧㄢ
如,ㄖㄨˊ
妃,ㄈㄟ
妄,ㄨㄤˋ
焰,ㄧㄢˋ
妹,ㄇㄟˋ
妻,ㄑㄧ
妾,ㄑㄧㄝˋ
崎,ㄑㄧˊ
妳,ㄋㄧˇ
妨,ㄈㄤˊ
無,"ㄨˊ
ㄇㄛˊ"
妮,ㄋㄧˊ
襬,ㄅㄞˇ
歪,ㄨㄞ
妣,ㄅㄧˇ
妥,ㄊㄨㄛˇ
襪,ㄨㄚˋ
疫,ㄧˋ
釐,"ㄌㄧˊ
ㄒㄧ"
跪,ㄍㄨㄟˋ
跨,ㄎㄨㄚˋ
疣,ㄧㄡˊ
跤,ㄐㄧㄠ
闌,ㄌㄢˊ
闊,ㄎㄨㄛˋ
疤,ㄅㄚ
跡,ㄐㄧ
闖,ㄔㄨㄤˇ
闕,"ㄑㄩㄝˋ
ㄑㄩㄝ"
疹,ㄓㄣˇ
疾,ㄐㄧˊ
疼,ㄊㄥˊ
闐,ㄊㄧㄢˊ
疲,ㄆㄧˊ
關,ㄍㄨㄢ
跳,ㄊㄧㄠˋ
疵,ㄘ
跎,ㄊㄨㄛˊ
跌,ㄉㄧㄝˊ
麻,ㄇㄚˊ
疏,ㄕㄨ
闡,ㄔㄢˇ
鸛,ㄍㄨㄢˋ
麼,"ㄇㄛˊ
˙ㄇㄜ
ㄇㄚˊ"
藩,ㄈㄢˊ
疆,ㄐㄧㄤ
擲,ㄓˊ
疚,ㄐㄧㄡˋ
跟,ㄍㄣ
距,ㄐㄩˋ
跚,ㄕㄢ
跛,ㄅㄛˇ
疑,ㄧˊ
跑,ㄆㄠˇ
藥,ㄧㄠˋ
廓,ㄎㄨㄛˋ
興,"ㄒㄧㄥ
ㄒㄧㄥˋ"
犯,ㄈㄢˋ
犬,ㄑㄩㄢˇ
澀,ㄙㄜˋ
黠,ㄒㄧㄚˊ
犧,ㄒㄧ
犢,ㄉㄨˊ
棵,ㄎㄜ
萋,ㄑㄧ
擻,ㄙㄡˇ
牆,ㄑㄧㄤˊ
劫,ㄐㄧㄝˊ
擾,ㄖㄠˇ
藺,ㄌㄧㄣˋ
犄,ㄐㄧ
蹉,ㄘㄨㄛ
棺,ㄍㄨㄢ
犀,ㄒㄧ
酌,ㄓㄨㄛˊ
帆,ㄈㄢˊ
遮,ㄓㄜ
市,ㄕˋ
布,ㄅㄨˋ
蓄,ㄒㄩˋ
求,ㄑㄧㄡˊ
蓋,ㄍㄞˋ
汀,ㄊㄧㄥ
汁,ㄓ
遠,"ㄩㄢˇ
ㄩㄢˋ"
遣,ㄑㄧㄢˇ
帖,"ㄊㄧㄝ
ㄊㄧㄝˇ"
蓓,ㄅㄟˋ
避,ㄅㄧˋ
帕,ㄆㄚˋ
江,ㄐㄧㄤ
汝,ㄖㄨˇ
遵,ㄗㄨㄣ
遴,ㄌㄧㄣˊ
汐,ㄒㄧˋ
帝,ㄉㄧˋ
汗,"ㄏㄢˋ
ㄏㄢˊ"
遲,ㄔˊ
汪,ㄨㄤ
棠,ㄊㄤˊ
&153142.gif;,ㄇㄧˋ
過,ㄍㄨㄛˋ
運,ㄩㄣˋ
遊,ㄧㄡˊ
遇,ㄩˋ
污,ㄨ
遁,ㄉㄨㄣˋ
師,ㄕ
蓬,ㄆㄥˊ
遂,ㄙㄨㄟˋ
決,ㄐㄩㄝˊ
帷,ㄨㄟˊ
遞,ㄉㄧˋ
遙,ㄧㄠˊ
帳,ㄓㄤˋ
汽,ㄑㄧˋ
汲,ㄐㄧˊ
達,ㄉㄚˊ
汰,ㄊㄞˋ
帽,ㄇㄠˋ
遐,ㄒㄧㄚˊ
汴,ㄅㄧㄢˋ
聽,"ㄊㄧㄥ
ㄊㄧㄥˋ"
有,"ㄧㄡˇ
ㄧㄡˋ"
月,ㄩㄝˋ
朋,ㄆㄥˊ
粕,ㄆㄛˋ
服,ㄈㄨˊ
粑,ㄅㄚ
最,ㄗㄨㄟˋ
會,"ㄏㄨㄟˋ
ㄎㄨㄞˋ
ㄏㄨㄟˇ"
粘,ㄋㄧㄢˊ
操,ㄘㄠ
聰,ㄘㄨㄥ
粄,ㄅㄢˇ
朝,"ㄔㄠˊ
ㄓㄠ"
桕,ㄐㄧㄡˋ
期,"ㄑㄧˊ
ㄐㄧ"
朕,ㄓㄣˋ
朔,ㄕㄨㄛˋ
朗,ㄌㄤˇ
粉,ㄈㄣˇ
木,ㄇㄨˋ
末,ㄇㄛˋ
未,ㄨㄟˋ
札,ㄓㄚˊ
本,ㄅㄣˇ
朮,ㄓㄨˊ
精,ㄐㄧㄥ
粿,ㄍㄨㄛˇ
粽,ㄗㄨㄥˋ
瘧,ㄋㄩㄝˋ
嚮,ㄒㄧㄤˋ
朧,ㄌㄨㄥˊ
粹,ㄘㄨㄟˋ
襲,ㄒㄧˊ
粥,ㄓㄡ
朽,ㄒㄧㄡˇ
森,ㄙㄣ
朱,ㄓㄨ
嚨,ㄌㄨㄥˊ
職,ㄓˊ
朵,ㄉㄨㄛˇ
回,ㄏㄨㄟˊ
鶯,ㄧㄥ
四,ㄙˋ
囚,ㄑㄧㄡˊ
坡,ㄆㄛ
牌,ㄆㄞˊ
撫,ㄈㄨˇ
撩,ㄌㄧㄠˊ
棒,ㄅㄤˋ
播,ㄅㄛˋ
撲,ㄆㄨ
撰,ㄓㄨㄢˋ
囊,ㄋㄤˊ
囉,"ㄌㄨㄛ
ㄌㄨㄛˊ"
劈,ㄆㄧ
撿,ㄐㄧㄢˇ
囂,ㄒㄧㄠ
囁,ㄋㄧㄝˋ
棕,ㄗㄨㄥ
羲,ㄒㄧ
撇,"ㄆㄧㄝˇ
ㄆㄧㄝ"
固,ㄍㄨˋ
撅,ㄐㄩㄝ
棗,ㄗㄠˇ
困,ㄎㄨㄣˋ
撓,ㄋㄠˊ
撒,"ㄙㄚ
ㄙㄚˇ"
撐,ㄔㄥ
囫,ㄏㄨˊ
囪,"ㄘㄨㄥ
ㄔㄨㄤ"
撕,ㄙ
檢,ㄐㄧㄢˇ
鹽,ㄧㄢˊ
鹼,ㄐㄧㄢˇ
鹿,ㄌㄨˋ
鹹,ㄒㄧㄢˊ
棚,ㄆㄥˊ
囡,ㄋㄢ
因,ㄧㄣ
偉,ㄨㄟˇ
砸,ㄗㄚˊ
刷,ㄕㄨㄚ
破,ㄆㄛˋ
饒,ㄖㄠˊ
砰,ㄆㄥ
砲,ㄆㄠˋ
控,ㄎㄨㄥˋ
饈,ㄒㄧㄡ
接,ㄐㄧㄝ
掣,ㄔㄜˋ
探,ㄊㄢˋ
採,ㄘㄞˇ
掠,ㄌㄩㄝˋ
掬,ㄐㄩˊ
饅,ㄇㄢˊ
措,ㄘㄨㄛˋ
掩,ㄧㄢˇ
推,ㄊㄨㄟ
遷,ㄑㄧㄢ
砝,ㄈㄚˇ
羹,ㄍㄥ
排,ㄆㄞˊ
掐,ㄑㄧㄚ
研,ㄧㄢˊ
鋤,ㄔㄨˊ
樊,ㄈㄢˊ
掛,ㄍㄨㄚˋ
掙,"ㄓㄥ
ㄓㄥˋ"
掘,ㄐㄩㄝˊ
砌,ㄑㄧˋ
砍,ㄎㄢˇ
掄,"ㄌㄨㄣ
ㄌㄨㄣˊ"
掃,"ㄙㄠˇ
ㄙㄠˋ"
掀,ㄒㄧㄢ
掏,ㄊㄠ
掌,ㄓㄤˇ
掉,ㄉㄧㄠˋ
授,ㄕㄡˋ
蹄,ㄊㄧˊ
髻,ㄐㄧˋ
刺,ㄘˋ
鷲,ㄐㄧㄡˋ
聯,ㄌㄧㄢˊ
鶇,ㄉㄨㄥ
券,ㄑㄩㄢˋ
蹙,ㄘㄨˋ
樂,"ㄌㄜˋ
ㄩㄝˋ
ㄧㄠˋ"
髮,ㄈㄚˇ
蹟,ㄐㄧ
髓,ㄙㄨㄟˇ
髒,ㄗㄤ
棋,ㄑㄧˊ
蹤,ㄗㄨㄥ
蹦,ㄅㄥˋ
蹋,ㄊㄚˋ
高,ㄍㄠ
蹬,ㄉㄥˋ
劑,ㄐㄧˋ
蹲,ㄉㄨㄣ
別,ㄅㄧㄝˊ
蹴,ㄘㄨˋ
漉,ㄌㄨˋ
蹺,ㄑㄧㄠ
蹼,ㄆㄨˊ
進,ㄐㄧㄣˋ
週,ㄓㄡ
逶,ㄨㄟ
涉,ㄕㄜˋ
消,ㄒㄧㄠ
涇,ㄐㄧㄥ
逸,ㄧˋ
逾,ㄩˊ
涂,ㄊㄨˊ
逼,ㄅㄧ
逢,ㄈㄥˊ
連,ㄌㄧㄢˊ
造,ㄗㄠˋ
蔔,ㄅㄛˊ
蔓,"ㄇㄢˋ
ㄇㄢˊ"
州,ㄓㄡ
川,ㄔㄨㄢ
巒,ㄌㄨㄢˊ
涕,ㄊㄧˋ
涔,ㄘㄣˊ
逮,"ㄉㄞˋ
ㄉㄞˇ"
蔚,ㄨㄟˋ
魄,"ㄆㄛˋ
ㄊㄨㄛˋ"
巫,ㄨ
逐,ㄓㄨˊ
巨,ㄐㄩˋ
蔣,ㄐㄧㄤˇ
逗,ㄉㄡˋ
途,ㄊㄨˊ
逕,ㄐㄧㄥˋ
通,ㄊㄨㄥ
逛,ㄍㄨㄤˋ
巡,ㄒㄩㄣˊ
這,ㄓㄜˋ
逞,ㄔㄥˇ
速,ㄙㄨˋ
工,ㄍㄨㄥ
逝,ㄕˋ
逃,ㄊㄠˊ
退,ㄊㄨㄟˋ
送,ㄙㄨㄥˋ
逆,ㄋㄧˋ
巾,ㄐㄧㄣ
逅,ㄏㄡˋ
巳,ㄙˋ
已,ㄧˇ
己,ㄐㄧˇ
巷,ㄒㄧㄤˋ
液,ㄧㄝˋ
巴,ㄅㄚ
燕,"ㄧㄢˋ
ㄧㄢ"
奘,ㄗㄤˋ
奚,ㄒㄧ
奕,ㄧˋ
奔,ㄅㄣ
套,ㄊㄠˋ
契,"ㄑㄧˋ
ㄒㄧㄝˋ"
奐,ㄏㄨㄢˋ
視,ㄕˋ
燄,ㄧㄢˋ
見,"ㄐㄧㄢˋ
ㄒㄧㄢˋ"
奉,ㄈㄥˋ
奈,ㄋㄞˋ
規,ㄍㄨㄟ
要,"ㄧㄠˋ
ㄧㄠ"
奄,"ㄧㄢ
ㄧㄢˇ"
奇,"ㄑㄧˊ
ㄐㄧ"
燎,ㄌㄧㄠˊ
嘯,ㄒㄧㄠˋ
燈,ㄉㄥ
何,ㄏㄜˊ
好,"ㄏㄠˇ
ㄏㄠˋ"
奼,ㄔㄚˋ
覺,"ㄐㄩㄝˊ
ㄐㄧㄠˋ"
她,ㄊㄚ
奸,ㄐㄧㄢ
奴,ㄋㄨˊ
奶,ㄋㄞˇ
女,ㄋㄩˇ
燥,"ㄗㄠˋ
ㄙㄠˋ"
踐,ㄐㄧㄢˋ
燠,ㄩˋ
奪,ㄉㄨㄛˊ
燭,ㄓㄨˊ
奧,ㄠˋ
奠,ㄉㄧㄢˋ
瑤,ㄧㄠˊ
奢,ㄕㄜ
仆,ㄆㄨ
仇,"ㄔㄡˊ
ㄑㄧㄡˊ"
肯,ㄎㄣˇ
割,ㄍㄜ
肩,ㄐㄧㄢ
仃,ㄉㄧㄥ
剷,ㄔㄢˇ
肪,ㄈㄤˊ
肥,ㄈㄟˊ
格,ㄍㄜˊ
仍,ㄖㄥˊ
根,ㄍㄣ
介,ㄐㄧㄝˋ
肢,ㄓ
他,ㄊㄚ
仗,ㄓㄤˋ
仔,ㄗˇ
仕,ㄕˋ
校,"ㄒㄧㄠˋ
ㄐㄧㄠˋ"
肺,ㄈㄟˋ
仞,ㄖㄣˋ
仟,ㄑㄧㄢ
仝,ㄊㄨㄥˊ
栩,ㄒㄩˇ
付,ㄈㄨˋ
株,ㄓㄨ
肌,ㄐㄧ
栗,ㄌㄧˋ
以,ㄧˇ
肉,ㄖㄡˋ
剔,ㄊㄧ
肋,ㄌㄜˋ
胃,ㄨㄟˋ
肅,ㄙㄨˋ
剛,ㄍㄤ
肆,ㄙˋ
剝,ㄅㄛ
闆,ㄅㄢˇ
肝,ㄍㄢ
斧,ㄈㄨˇ
剃,ㄊㄧˋ
仲,ㄓㄨㄥˋ
肘,ㄓㄡˇ
仰,ㄧㄤˇ
肚,"ㄉㄨˋ
ㄉㄨˇ"
仿,ㄈㄤˇ
剋,ㄎㄜˋ
份,ㄈㄣˋ
前,ㄑㄧㄢˊ
任,"ㄖㄣˋ
ㄖㄣˊ"
頑,ㄨㄢˊ
剎,ㄔㄚˋ
駐,ㄓㄨˋ
刀,ㄉㄠ
樺,ㄏㄨㄚˋ
桂,ㄍㄨㄟˋ
器,ㄑㄧˋ
籟,ㄌㄞˋ
框,ㄎㄨㄤ
划,ㄏㄨㄚˊ
側,ㄘㄜˋ
低,ㄉㄧ
住,ㄓㄨˋ
磁,ㄘˊ
貝,ㄅㄟˋ
躇,ㄔㄨˊ
磅,"ㄅㄤˋ
ㄆㄤ"
嗽,ㄙㄡˋ
骷,ㄎㄨ
骸,ㄏㄞˊ
磋,ㄘㄨㄛ
骼,ㄍㄜˊ
躊,ㄔㄡˊ
嘩,ㄏㄨㄚ
磕,ㄎㄜ
縊,ㄧˋ
骨,"ㄍㄨˇ
ㄍㄨˊ
ㄍㄨ"
磚,ㄓㄨㄢ
骯,ㄤ
齊,"ㄑㄧˊ
ㄗ"
躡,ㄋㄧㄝˋ
躬,ㄍㄨㄥ
身,ㄕㄣ
磷,ㄌㄧㄣˊ
躲,ㄉㄨㄛˇ
縐,ㄓㄡˋ
磺,ㄏㄨㄤˊ
鄙,ㄅㄧˇ
躺,ㄊㄤˇ
李,ㄌㄧˇ
杏,ㄒㄧㄥˋ
舊,ㄐㄧㄡˋ
憩,ㄑㄧˋ
杉,ㄕㄢ
杆,ㄍㄢ
罐,ㄍㄨㄢˋ
罕,ㄏㄢˇ
杞,ㄑㄧˇ
束,ㄕㄨˋ
杜,ㄉㄨˋ
閨,ㄍㄨㄟ
暱,ㄋㄧˋ
斂,ㄌㄧㄢˋ
耙,ㄆㄚˊ
杖,ㄓㄤˋ
閤,"ㄍㄜˊ
ㄏㄜˊ"
材,ㄘㄞˊ
村,ㄘㄨㄣ
杯,ㄅㄟ
罹,ㄌㄧˊ
杭,ㄏㄤˊ
雲,ㄩㄣˊ
署,"ㄕㄨˇ
ㄕㄨˋ"
嘴,ㄗㄨㄟˇ
罰,ㄈㄚˊ
罷,"ㄅㄚˋ
˙ㄅㄚ"
罵,ㄇㄚˋ
松,ㄙㄨㄥ
板,ㄅㄢˇ
杼,ㄓㄨˋ
置,ㄓˋ
體,ㄊㄧˇ
杷,ㄆㄚˊ
杵,ㄔㄨˇ
杳,ㄧㄠˇ
杰,ㄐㄧㄝˊ
東,ㄉㄨㄥ
瑯,ㄌㄤˊ
許,ㄒㄩˇ
門,ㄇㄣˊ
瑪,ㄇㄚˇ
瑩,ㄧㄥˊ
訴,ㄙㄨˋ
註,ㄓㄨˋ
診,ㄓㄣˇ
閎,ㄏㄨㄥˊ
閏,ㄖㄨㄣˋ
瑣,ㄙㄨㄛˇ
閉,ㄅㄧˋ
開,ㄎㄞ
訣,ㄐㄩㄝˊ
瑾,ㄐㄧㄣˇ
閒,ㄒㄧㄢˊ
間,"ㄐㄧㄢ
ㄐㄧㄢˋ"
訪,ㄈㄤˇ
閘,ㄓㄚˊ
設,ㄕㄜˋ
瑰,ㄍㄨㄟ
訓,ㄒㄩㄣˋ
齡,ㄌㄧㄥˊ
託,ㄊㄨㄛ
訕,ㄕㄢˋ
閣,ㄍㄜˊ
訛,ㄜˊ
記,ㄐㄧˋ
訟,ㄙㄨㄥˋ
籽,ㄗˇ
訝,ㄧㄚˋ
瑟,ㄙㄜˋ
訂,ㄉㄧㄥˋ
瑜,ㄩˊ
瑛,ㄧㄥ
瑚,ㄏㄨˊ
瑙,ㄋㄠˇ
啤,ㄆㄧˊ
訊,ㄒㄩㄣˋ
瑕,ㄒㄧㄚˊ
計,ㄐㄧˋ
討,ㄊㄠˇ
訌,ㄏㄨㄥˊ
援,ㄩㄢˊ
竹,ㄓㄨˊ
餚,ㄧㄠˊ
餘,ㄩˊ
齦,ㄧㄣˊ
餒,ㄋㄟˇ
餓,ㄜˋ
餐,ㄘㄢ
斗,ㄉㄡˇ
餌,ㄦˇ
揠,ㄧㄚˋ
握,ㄨㄛˋ
肫,ㄓㄨㄣ
揣,ㄔㄨㄞˇ
揭,ㄐㄧㄝ
揮,ㄏㄨㄟ
餅,ㄅㄧㄥˇ
餃,ㄐㄧㄠˇ
揪,ㄐㄧㄡ
集,ㄐㄧˊ
揖,ㄧ
餽,ㄎㄨㄟˋ
提,ㄊㄧˊ
竿,ㄍㄢ
插,ㄔㄚ
米,ㄇㄧˇ
餵,ㄨㄟˋ
揚,ㄧㄤˊ
換,ㄏㄨㄢˋ
雋,"ㄐㄩㄢˋ
ㄐㄩㄣˋ"
揆,ㄎㄨㄟˊ
揀,ㄐㄧㄢˇ
館,ㄍㄨㄢˇ
揍,ㄗㄡˋ
蟀,ㄕㄨㄞˋ
描,ㄇㄧㄠˊ
揉,ㄖㄡˊ
餡,ㄒㄧㄢˋ
癟,ㄅㄧㄝˇ
藻,ㄗㄠˇ
雌,ㄘ
臺,ㄊㄞˊ
竭,ㄐㄧㄝˊ
淌,ㄊㄤˇ
貌,ㄇㄠˋ
端,ㄉㄨㄢ
淋,ㄌㄧㄣˊ
淅,ㄒㄧ
淆,ㄧㄠˊ
淇,ㄑㄧˊ
嶄,ㄓㄢˇ
蕉,ㄐㄧㄠ
蕊,ㄖㄨㄟˇ
嶇,ㄑㄩ
雛,ㄔㄨˊ
淘,ㄊㄠˊ
淙,ㄘㄨㄥˊ
淚,ㄌㄟˋ
淑,ㄕㄨˊ
淒,ㄑㄧ
淬,ㄘㄨㄟˋ
淮,ㄏㄨㄞˊ
淨,ㄐㄧㄥˋ
薪,ㄒㄧㄣ
金,ㄐㄧㄣ
淫,ㄧㄣˊ
財,ㄘㄞˊ
針,ㄓㄣ
蕨,ㄐㄩㄝˊ
淡,ㄉㄢˋ
樞,ㄕㄨ
釘,"ㄉㄧㄥ
ㄉㄧㄥˋ"
采,ㄘㄞˇ
攙,ㄔㄢ
嶺,ㄌㄧㄥˇ
嶼,ㄩˇ
淹,ㄧㄢ
淺,ㄑㄧㄢˇ
添,ㄊㄧㄢ
量,"ㄌㄧㄤˋ
ㄌㄧㄤˊ"
淵,ㄩㄢ
重,"ㄓㄨㄥˋ
ㄔㄨㄥˊ"
混,ㄏㄨㄣˋ
釋,ㄕˋ
深,ㄕㄣ
釉,ㄧㄡˋ
淳,ㄔㄨㄣˊ
擠,ㄐㄧˇ
擢,ㄓㄨㄛˊ
竣,ㄐㄩㄣˋ
擤,ㄒㄧㄥˇ
擦,ㄘㄚ
嚕,ㄌㄨ
嚐,ㄔㄤˊ
攜,ㄒㄧ
鸚,ㄧㄥ
擱,ㄍㄜ
嚎,ㄏㄠˊ
嚏,ㄊㄧˋ
擴,ㄎㄨㄛˋ
鸝,ㄌㄧˊ
嚅,ㄖㄨˊ
擺,ㄅㄞˇ
嚇,"ㄏㄜˋ
ㄒㄧㄚˋ"
嚀,ㄋㄧㄥˊ
頁,ㄧㄝˋ
慣,ㄍㄨㄢˋ
嚼,"ㄐㄧㄠˊ
ㄐㄩㄝˊ"
擁,ㄩㄥˇ
擂,ㄌㄟˊ
擄,ㄌㄨˇ
擅,ㄕㄢˋ
湍,ㄊㄨㄢ
嚴,ㄧㄢˊ
擊,ㄐㄧˊ
擋,ㄉㄤˇ
邊,ㄅㄧㄢ
鳩,ㄐㄧㄡ
擎,ㄑㄧㄥˊ
鰻,ㄇㄢˊ
擒,ㄑㄧㄣˊ
擔,"ㄉㄢ
ㄉㄢˋ"
嚥,ㄧㄢˋ
據,ㄐㄩˋ
軀,ㄑㄩ
制,ㄓˋ
胳,ㄍㄜ
胰,ㄧˊ
胱,ㄍㄨㄤ
攘,ㄖㄤˊ
桿,ㄍㄢˇ
到,ㄉㄠˋ
胸,ㄒㄩㄥ
桶,ㄊㄨㄥˇ
刻,ㄎㄜˋ
胼,ㄆㄧㄢˊ
能,ㄋㄥˊ
判,ㄆㄢˋ
胡,ㄏㄨˊ
刮,ㄍㄨㄚ
刪,ㄕㄢ
刨,"ㄅㄠˋ
ㄆㄠˊ"
利,ㄌㄧˋ
列,ㄌㄧㄝˋ
胖,"ㄆㄤˋ
ㄆㄢˊ"
刑,ㄒㄧㄥˊ
胚,ㄆㄟ
桓,ㄏㄨㄢˊ
桐,ㄊㄨㄥˊ
桑,ㄙㄤ
胞,ㄅㄠ
桔,"ㄐㄩˊ
ㄐㄧㄝˊ"
胝,ㄓ
分,"ㄈㄣ
ㄈㄣˋ"
切,"ㄑㄧㄝ
ㄑㄧㄝˋ"
案,ㄢˋ
刃,ㄖㄣˋ
桌,ㄓㄨㄛ
刁,ㄉㄧㄠ
刎,ㄨㄣˇ
桃,ㄊㄠˊ
刊,ㄎㄢ
背,"ㄅㄟˋ
ㄅㄟ"
桅,ㄨㄟˊ
難,"ㄋㄢˊ
ㄋㄢˋ"
離,ㄌㄧˊ
挺,ㄊㄧㄥˇ
挽,ㄨㄢˇ
慰,ㄨㄟˋ
挾,ㄒㄧㄚˊ
雪,ㄒㄩㄝˇ
雨,"ㄩˇ
ㄩˋ"
挨,ㄞ
挫,ㄘㄨㄛˋ
挪,ㄋㄨㄛˊ
雷,ㄌㄟˊ
零,ㄌㄧㄥˊ
振,ㄓㄣˋ
電,ㄉㄧㄢˋ
雹,ㄅㄠˊ
贈,ㄗㄥˋ
雁,ㄧㄢˋ
雀,ㄑㄩㄝˋ
雇,ㄍㄨˋ
違,ㄨㄟˊ
雅,ㄧㄚˇ
雄,ㄒㄩㄥˊ
挑,"ㄊㄧㄠ
ㄊㄧㄠˇ"
雍,ㄩㄥ
挖,ㄨㄚ
按,ㄢˋ
邂,ㄒㄧㄝˋ
雖,ㄙㄨㄟ
雕,ㄉㄧㄠ
持,ㄔˊ
雙,ㄕㄨㄤ
焚,ㄈㄣˊ
指,ㄓˇ
雜,ㄗㄚˊ
車,ㄔㄜ
軋,"ㄧㄚˋ
ㄍㄚˊ"
覆,ㄈㄨˋ
盲,ㄇㄤˊ
軌,ㄍㄨㄟˇ
軍,ㄐㄩㄣ
碎,ㄙㄨㄟˋ
碌,ㄌㄨˋ
曦,ㄒㄧ
碗,ㄨㄢˇ
祐,ㄧㄡˋ
鈔,ㄔㄠ
碑,ㄅㄟ
軒,ㄒㄩㄢ
碟,ㄉㄧㄝˊ
碘,ㄉㄧㄢˇ
驪,ㄌㄧˊ
驕,ㄐㄧㄠ
碧,ㄅㄧˋ
驗,ㄧㄢˋ
祕,"ㄇㄧˋ
ㄅㄧˋ"
驟,ㄗㄡˋ
驛,ㄧˋ
碩,ㄕㄨㄛˋ
驅,ㄑㄩ
軻,ㄎㄜ
軸,ㄓㄡˊ
矮,ㄞˇ
軾,ㄕˋ
碳,ㄊㄢˋ
碰,ㄆㄥˋ
碾,ㄋㄧㄢˇ
轟,ㄏㄨㄥ
碼,ㄇㄚˇ
確,ㄑㄩㄝˋ
襁,ㄑㄧㄤˇ
夢,ㄇㄥˋ
夠,ㄍㄡˋ
熙,ㄒㄧ
大,"ㄉㄚˋ
ㄉㄞˋ"
夥,ㄏㄨㄛˇ
太,ㄊㄞˋ
夫,"ㄈㄨ
ㄈㄨˊ"
觔,ㄐㄧㄣ
天,ㄊㄧㄢ
央,ㄧㄤ
熔,ㄖㄨㄥˊ
夭,ㄧㄠ
熊,ㄒㄩㄥˊ
失,ㄕ
慈,ㄘˊ
夸,ㄎㄨㄚ
驚,ㄐㄧㄥ
夾,ㄐㄧㄚˊ
熄,ㄒㄧˊ
頗,ㄆㄛˇ
熹,ㄒㄧ
熾,ㄔˋ
觸,ㄔㄨˋ
熱,ㄖㄜˋ
熨,"ㄩㄣˋ
ㄩˋ"
慕,ㄇㄨˋ
外,ㄨㄞˋ
熬,ㄠˊ
夕,ㄒㄧˋ
多,ㄉㄨㄛ
颼,ㄙㄡ
夙,ㄙㄨˋ
解,"ㄐㄧㄝˇ
ㄐㄧㄝˋ
ㄒㄧㄝˋ"
夜,ㄧㄝˋ
驀,ㄇㄛˋ
話,ㄏㄨㄚˋ
該,ㄍㄞ
詳,ㄒㄧㄤˊ
琪,ㄑㄧˊ
琥,ㄏㄨˇ
琦,ㄑㄧˊ
琢,ㄓㄨㄛˊ
麗,"ㄌㄧˋ
ㄌㄧˊ"
詠,ㄩㄥˇ
驍,ㄒㄧㄠ
詢,ㄒㄩㄣˊ
試,ㄕˋ
琴,ㄑㄧㄣˊ
琵,ㄆㄧˊ
琶,ㄆㄚˊ
詫,ㄔㄚˋ
詭,ㄍㄨㄟˇ
詮,ㄑㄩㄢˊ
琳,ㄌㄧㄣˊ
詐,ㄓㄚˋ
颳,ㄍㄨㄚ
琉,ㄌㄧㄡˊ
頃,ㄑㄧㄥˇ
琅,ㄌㄤˊ
理,ㄌㄧˇ
琇,ㄒㄧㄡˋ
櫃,ㄍㄨㄟˋ
詞,ㄘˊ
球,ㄑㄧㄡˊ
詁,ㄍㄨˇ
秦,ㄑㄧㄣˊ
獻,ㄒㄧㄢˋ
拼,ㄆㄧㄣ
長,"ㄔㄤˊ
ㄓㄤˇ"
出,ㄔㄨ
凹,ㄠ
西,ㄒㄧ
榻,ㄊㄚˋ
函,ㄏㄢˊ
嗖,ㄙㄡ
凳,ㄉㄥˋ
脾,ㄆㄧˊ
凱,ㄎㄞˇ
凰,ㄏㄨㄤˊ
凶,ㄒㄩㄥ
脹,ㄓㄤˋ
肴,ㄧㄠˊ
榮,ㄖㄨㄥˊ
榭,ㄒㄧㄝˋ
脣,ㄔㄨㄣˊ
榨,ㄓㄚˋ
脯,"ㄈㄨˇ
ㄆㄨˊ"
凡,ㄈㄢˊ
几,ㄐㄧ
脫,ㄊㄨㄛ
脩,ㄒㄧㄡ
熟,ㄕㄡˊ
脖,ㄅㄛˊ
榜,ㄅㄤˇ
鬻,ㄩˋ
凝,ㄋㄧㄥˊ
凜,ㄌㄧㄣˇ
拴,ㄕㄨㄢ
榕,ㄖㄨㄥˊ
榔,ㄌㄤˊ
凋,ㄉㄧㄠ
脆,ㄘㄨㄟˋ
脅,ㄒㄧㄝˊ
脂,ㄓ
凍,ㄉㄨㄥˋ
凌,ㄌㄧㄥˊ
榆,ㄩˊ
准,ㄓㄨㄣˇ
脈,"ㄇㄞˋ
ㄇㄛˋ"
織,ㄓ
焦,ㄐㄧㄠ
角,"ㄐㄧㄠˇ
ㄐㄩㄝˊ"
遽,ㄐㄩˋ
獸,ㄕㄡˋ
拌,ㄅㄢˋ
矇,"ㄇㄥˊ
ㄇㄥ"
襯,ㄔㄣˋ
複,ㄈㄨˋ
拂,ㄈㄨˊ
夷,ㄧˊ
頹,ㄊㄨㄟˊ
悖,ㄅㄟˋ
攝,ㄕㄜˋ
路,ㄌㄨˋ
悚,ㄙㄨㄥˇ
悟,ㄨˋ
適,ㄕˋ
悅,ㄩㄝˋ
悄,ㄑㄧㄠˇ
悉,ㄒㄧ
悍,ㄏㄢˋ
趙,ㄓㄠˋ
缸,ㄍㄤ
悲,ㄅㄟ
悱,ㄈㄟˇ
缽,ㄅㄛ
悵,ㄔㄤˋ
悴,ㄘㄨㄟˋ
悸,ㄐㄧˋ
悽,ㄑㄧ
悼,ㄉㄠˋ
患,ㄏㄨㄢˋ
悠,ㄧㄡ
觀,"ㄍㄨㄢ
ㄍㄨㄢˋ"
私,ㄙ
您,ㄋㄧㄣˊ
鯊,ㄕㄚ
搥,ㄔㄨㄟˊ
搧,ㄕㄢ
噢,ㄩˇ
搭,ㄉㄚ
搬,ㄅㄢ
噪,ㄗㄠˋ
噬,ㄕˋ
搶,"ㄑㄧㄤˇ
ㄑㄧㄤ"
噴,"ㄆㄣ
ㄆㄣˋ
˙ㄈㄣ"
噹,ㄉㄤ
噸,ㄉㄨㄣˋ
潮,ㄔㄠˊ
霸,ㄅㄚˋ
搆,ㄍㄡˋ
闢,ㄆㄧˋ
損,ㄙㄨㄣˇ
拔,ㄅㄚˊ
搏,ㄅㄛˊ
讓,ㄖㄤˋ
噎,ㄧㄝ
搔,ㄙㄠ
搗,ㄉㄠˇ
搖,ㄧㄠˊ
拖,ㄊㄨㄛ
搓,ㄘㄨㄛ
跺,ㄉㄨㄛˋ
褂,ㄍㄨㄚˋ
搞,ㄍㄠˇ
霹,ㄆㄧ
誰,ㄕㄟˊ
瓷,ㄘˊ
瓶,ㄆㄧㄥˊ
誼,ㄧˋ
調,"ㄊㄧㄠˊ
ㄉㄧㄠˋ"
嘗,ㄔㄤˊ
瓠,ㄏㄨˋ
瓣,ㄅㄢˋ
誦,ㄙㄨㄥˋ
誡,ㄐㄧㄝˋ
誠,ㄔㄥˊ
誣,ㄨ
瓦,ㄨㄚˇ
誨,ㄏㄨㄟˋ
說,"ㄕㄨㄛ
ㄕㄨㄟˋ
ㄩㄝˋ"
誕,ㄉㄢˋ
讚,ㄗㄢˋ
誓,ㄕˋ
舔,ㄊㄧㄢˇ
瓜,ㄍㄨㄚ
誇,ㄎㄨㄚ
庵,ㄢ
認,ㄖㄣˋ
誌,ㄓˋ
瓊,ㄑㄩㄥˊ
爾,ㄦˇ
瓏,ㄌㄨㄥˊ
疊,ㄉㄧㄝˊ
捺,ㄋㄚˋ
鞍,ㄢ
隨,ㄙㄨㄟˊ
捷,ㄐㄧㄝˊ
劣,ㄌㄧㄝˋ
捲,ㄐㄩㄢˇ
捱,ㄞˊ
据,ㄐㄩ
頸,ㄐㄧㄥˇ
隴,ㄌㄨㄥˇ
鄰,ㄌㄧㄣˊ
捨,ㄕㄜˇ
捩,ㄌㄧㄝˋ
隸,ㄌㄧˋ
捧,ㄆㄥˇ
隻,ㄓ
模,ㄇㄛˊ
跋,ㄅㄚˊ
隅,ㄩˊ
隆,ㄌㄨㄥˊ
隊,ㄉㄨㄟˋ
捕,ㄅㄨˇ
階,ㄐㄧㄝ
捏,ㄋㄧㄝ
捌,ㄅㄚ
鄭,ㄓㄥˋ
隔,ㄍㄜˊ
隕,ㄩㄣˇ
捉,ㄓㄨㄛ
捆,ㄎㄨㄣˇ
隙,ㄒㄧˋ
際,ㄐㄧˋ
障,ㄓㄤˋ
曠,ㄎㄨㄤˋ
嵌,"ㄑㄧㄢ
ㄎㄢˇ"
洗,ㄒㄧˇ
洛,ㄌㄨㄛˋ
薄,"ㄅㄛˊ
ㄅㄛˋ"
薇,ㄨㄟˊ
洞,ㄉㄨㄥˋ
癱,ㄊㄢ
薛,ㄒㄩㄝ
洄,ㄏㄨㄟˊ
廬,ㄌㄨˊ
爭,ㄓㄥ
薑,ㄐㄧㄤ
洋,ㄧㄤˊ
親,"ㄑㄧㄣ
ㄑㄧㄥˋ"
嵐,ㄌㄢˊ
療,ㄌㄧㄠˊ
薩,ㄙㄚˋ
嵬,ㄨㄟˊ
洲,ㄓㄡ
嵩,ㄙㄨㄥ
醒,ㄒㄧㄥˇ
洶,ㄒㄩㄥ
醜,ㄔㄡˇ
活,ㄏㄨㄛˊ
洽,ㄑㄧㄚˋ
派,ㄆㄞˋ
醇,ㄔㄨㄣˊ
津,ㄐㄧㄣ
爪,"ㄓㄠˇ
ㄓㄨㄚˇ"
詹,ㄓㄢ
洩,"ㄒㄧㄝˋ
ㄧˋ"
薰,ㄒㄩㄣ
洪,ㄏㄨㄥˊ
胎,ㄊㄞ
醋,ㄘㄨˋ
壤,ㄖㄤˇ
溺,"ㄋㄧˋ
ㄋㄧㄠˋ"
壯,ㄓㄨㄤˋ
壬,ㄖㄣˊ
士,ㄕˋ
繕,ㄕㄢˋ
蘭,ㄌㄢˊ
灌,ㄍㄨㄢˋ
蠅,ㄧㄥˊ
鞋,ㄒㄧㄝˊ
壽,ㄕㄡˋ
壼,ㄎㄨㄣˇ
蘿,ㄌㄨㄛˊ
壺,ㄏㄨˊ
壹,ㄧ
壇,ㄊㄢˊ
災,ㄗㄞ
灼,ㄓㄨㄛˊ
蘇,ㄙㄨ
蘆,ㄌㄨˊ
壁,ㄅㄧˋ
灸,ㄐㄧㄡˇ
蘋,ㄆㄧㄥˊ
灶,ㄗㄠˋ
鱒,ㄗㄨㄣ
峰,ㄈㄥ
灰,ㄏㄨㄟ
襟,ㄐㄧㄣ
火,ㄏㄨㄛˇ
壑,ㄏㄨㄛˋ
壟,ㄌㄨㄥˇ
壞,ㄏㄨㄞˋ
灣,ㄨㄢ
峽,ㄒㄧㄚˊ
壘,"ㄌㄟˇ
ㄌㄩˋ"
龍,ㄌㄨㄥˊ
摩,ㄇㄛˊ
摯,ㄓˋ
嘮,ㄌㄠˊ
鄒,ㄗㄡ
鐘,ㄓㄨㄥ
蓆,ㄒㄧˊ
摧,ㄘㄨㄟ
肇,ㄓㄠˋ
摺,ㄓㄜˊ
摻,ㄔㄢ
摸,ㄇㄛ
摹,ㄇㄛˊ
嘲,ㄔㄠˊ
嘰,ㄐㄧ
詩,ㄕ
摳,ㄎㄡ
爛,ㄌㄢˋ
龐,ㄆㄤˊ
嘻,ㄒㄧ
嘹,ㄌㄧㄠˊ
嘆,ㄊㄢˋ
騫,ㄑㄧㄢ
嘀,ㄉㄧˊ
嘎,ㄍㄚ
摀,ㄨˇ
嘍,ㄌㄡˊ
嘈,ㄘㄠˊ
嘉,ㄐㄧㄚ
嘖,ㄗㄜˊ
屑,ㄒㄧㄝˋ
嘔,"ㄡ
ㄡˇ
ㄡˋ"
序,ㄒㄩˋ
摟,ㄌㄡˇ
摒,ㄅㄧㄥˋ
嘟,ㄉㄨ
嘛,"ㄇㄚˊ
˙ㄇㄚ"
摔,ㄕㄨㄞ
渤,ㄅㄛˊ
槿,ㄐㄧㄣˇ
腰,ㄧㄠ
冽,ㄌㄧㄝˋ
腳,ㄐㄧㄠˇ
冰,ㄅㄧㄥ
展,ㄓㄢˇ
鄉,ㄒㄧㄤ
腸,ㄔㄤˊ
腹,ㄈㄨˋ
腺,ㄒㄧㄢˋ
冷,ㄌㄥˇ
腥,ㄒㄧㄥ
腦,ㄋㄠˇ
冬,ㄉㄨㄥ
航,ㄏㄤˊ
冠,"ㄍㄨㄢ
ㄍㄨㄢˋ"
冢,ㄓㄨㄥˇ
瞪,ㄉㄥˋ
冤,ㄩㄢ
冥,ㄇㄧㄥˊ
腫,ㄓㄨㄥˇ
腔,ㄑㄧㄤ
腕,ㄨㄢˋ
腐,ㄈㄨˇ
賣,ㄇㄞˋ
冑,ㄓㄡˋ
冒,"ㄇㄠˋ
ㄇㄛˋ"
獎,ㄐㄧㄤˇ
槐,ㄏㄨㄞˊ
冕,ㄇㄧㄢˇ
槓,ㄍㄤˋ
槌,ㄔㄨㄟˊ
冉,ㄖㄢˇ
冊,ㄘㄜˋ
再,ㄗㄞˋ
構,ㄍㄡˋ
冀,ㄐㄧˋ
腎,ㄕㄣˋ
峨,ㄜˊ
腋,ㄧㄝˋ
筋,ㄐㄧㄣ
等,ㄉㄥˇ
蠢,ㄔㄨㄣˇ
筏,ㄈㄚˊ
載,"ㄗㄞˇ
ㄗㄞˋ"
騰,ㄊㄥˊ
較,ㄐㄧㄠˋ
筆,ㄅㄧˇ
輟,ㄔㄨㄛˋ
清,ㄑㄧㄥ
輝,ㄏㄨㄟ
輛,ㄌㄧㄤˋ
道,ㄉㄠˋ
筒,ㄊㄨㄥˇ
筑,ㄓㄨˊ
筐,ㄎㄨㄤ
輓,ㄨㄢˇ
策,ㄘㄜˋ
答,"ㄉㄚˊ
ㄉㄚ"
輯,ㄐㄧˊ
蠻,ㄇㄢˊ
騙,ㄆㄧㄢˋ
輪,ㄌㄨㄣˊ
輩,ㄅㄟˋ
輿,ㄩˊ
輾,"ㄓㄢˇ
ㄋㄧㄢˇ"
輻,ㄈㄨˊ
輸,ㄕㄨ
騁,ㄔㄥˇ
筷,ㄎㄨㄞˋ
泊,ㄅㄛˊ
筵,ㄧㄢˊ
癲,ㄉㄧㄢ
惑,ㄏㄨㄛˋ
惕,ㄊㄧˋ
惘,ㄨㄤˇ
翔,ㄒㄧㄤˊ
惚,ㄏㄨ
惜,ㄒㄧˊ
惟,ㄨㄟˊ
翌,ㄧˋ
情,ㄑㄧㄥˊ
惆,ㄔㄡˊ
翅,ㄔˋ
惋,ㄨㄢˋ
翁,ㄨㄥ
蓉,ㄖㄨㄥˊ
惰,ㄉㄨㄛˋ
惱,ㄋㄠˇ
想,ㄒㄧㄤˇ
惴,ㄓㄨㄟˋ
惶,ㄏㄨㄤˊ
嶽,ㄩㄝˋ
惹,ㄖㄜˇ
惺,ㄒㄧㄥ
惻,ㄘㄜˋ
翱,ㄠˊ
翰,ㄏㄢˋ
槽,ㄘㄠˊ
惠,ㄏㄨㄟˋ
芽,ㄧㄚˊ
翩,ㄆㄧㄢ
惦,ㄉㄧㄢˋ
姬,ㄐㄧ
霉,ㄇㄟˊ
翡,ㄈㄟˇ
翠,ㄘㄨㄟˋ
蔗,ㄓㄜˋ
瀝,ㄌㄧˋ
瀟,ㄒㄧㄠ
瀚,ㄏㄢˋ
虧,ㄎㄨㄟ
瀕,ㄅㄧㄣ
墮,ㄉㄨㄛˋ
墨,ㄇㄛˋ
墩,ㄉㄨㄣ
倍,ㄅㄟˋ
瀉,ㄒㄧㄝˋ
墳,ㄈㄣˊ
虹,ㄏㄨㄥˊ
墾,ㄎㄣˇ
渭,ㄨㄟˋ
瀾,ㄌㄢˊ
境,ㄐㄧㄥˋ
塵,ㄔㄣˊ
瀰,ㄇㄧˊ
瞭,"ㄌㄧㄠˇ
ㄌㄧㄠˋ"
虎,"ㄏㄨˇ
ㄏㄨ"
籐,ㄊㄥˊ
虐,ㄋㄩㄝˋ
虔,ㄑㄧㄢˊ
處,"ㄔㄨˋ
ㄔㄨˇ"
墓,ㄇㄨˋ
墜,ㄓㄨㄟˋ
增,ㄗㄥ
虛,ㄒㄩ
虜,ㄌㄨˇ
橘,ㄐㄩˊ
虞,ㄩˊ
號,"ㄏㄠˋ
ㄏㄠˊ"
諺,ㄧㄢˋ
鋒,ㄈㄥ
諸,ㄓㄨ
榴,ㄌㄧㄡˊ
諾,ㄋㄨㄛˋ
環,ㄏㄨㄢˊ
泡,"ㄆㄠˋ
ㄆㄠ"
諳,ㄢ
諱,ㄏㄨㄟˋ
諷,ㄈㄥˋ
渥,ㄨㄛˋ
鋁,ㄌㄩˇ
諮,ㄗ
芬,ㄈㄣ
諦,ㄉㄧˋ
猙,ㄓㄥ
璨,ㄘㄢˋ
郎,ㄌㄤˊ
諛,ㄩˊ
屢,ㄌㄩˇ
諒,ㄌㄧㄤˋ
履,ㄌㄩˇ
鋸,ㄐㄩˋ
論,"ㄌㄨㄣˋ
ㄌㄨㄣˊ"
層,ㄘㄥˊ
請,ㄑㄧㄥˇ
璃,ㄌㄧˊ
璀,ㄘㄨㄟˇ
蚌,ㄅㄤˋ
諂,ㄔㄢˇ
鋪,"ㄆㄨ
ㄆㄨˋ"
犁,ㄌㄧˊ
璋,ㄓㄤ
諄,ㄓㄨㄣ
蕭,ㄒㄧㄠ
遭,ㄗㄠ
橄,ㄍㄢˇ
橋,ㄑㄧㄠˊ
態,ㄊㄞˋ
猛,ㄇㄥˇ
倔,"ㄐㄩㄝˊ
ㄐㄩㄝˋ"
遨,ㄠˊ
鰭,ㄑㄧˊ
帥,ㄕㄨㄞˋ
蓊,ㄨㄥˇ
錶,ㄅㄧㄠˇ
希,ㄒㄧ
酸,ㄙㄨㄢ
崑,ㄎㄨㄣ
崖,ㄧㄞˊ
崗,"ㄍㄤ
ㄍㄤˇ"
崔,ㄘㄨㄟ
藉,"ㄐㄧㄝˋ
ㄐㄧˊ"
浞,ㄓㄨㄛˊ
崛,ㄐㄩㄝˊ
崙,ㄌㄨㄣˊ
酵,ㄒㄧㄠˋ
蓑,ㄙㄨㄛ
浙,ㄓㄜˋ
烙,"ㄌㄨㄛˋ
ㄌㄠˋ"
崁,ㄎㄢˇ
崇,ㄔㄨㄥˊ
璧,ㄅㄧˋ
流,ㄌㄧㄡˊ
簑,ㄙㄨㄛ
酣,ㄏㄢ
藕,ㄡˇ
酥,ㄙㄨ
劉,ㄌㄧㄡˊ
海,ㄏㄞˇ
浴,ㄩˋ
遼,ㄌㄧㄠˊ
藤,ㄊㄥˊ
酒,ㄐㄧㄡˇ
浸,ㄐㄧㄣˋ
浹,ㄐㄧㄚˊ
崢,ㄓㄥ
依,ㄧ
汙,ㄨ
配,ㄆㄟˋ
浣,ㄨㄢˇ
藹,ㄞˇ
浮,ㄈㄨˊ
藷,"ㄕㄨˇ
ㄓㄨ"
崩,ㄅㄥ
浪,ㄌㄤˋ
浩,ㄏㄠˋ
怕,ㄆㄚˋ
怔,"ㄓㄥ
ㄌㄥˋ"
怖,ㄅㄨˋ
群,ㄑㄩㄣˊ
怒,ㄋㄨˋ
思,ㄙ
羨,ㄒㄧㄢˋ
義,ㄧˋ
肖,ㄒㄧㄠˋ
萬,ㄨㄢˋ
董,ㄉㄨㄥˇ
蜷,ㄑㄩㄢˊ
獲,ㄏㄨㄛˋ
怎,ㄗㄣˇ
羿,ㄧˋ
羽,ㄩˇ
怵,ㄔㄨˋ
獰,ㄋㄧㄥˊ
毒,ㄉㄨˊ
羅,ㄌㄨㄛˊ
羊,ㄧㄤˊ
美,ㄇㄟˇ
羌,ㄑㄧㄤ
帛,ㄅㄛˊ
急,ㄐㄧˊ
性,ㄒㄧㄥˋ
橡,ㄒㄧㄤˋ
怡,ㄧˊ
怠,ㄉㄞˋ
羔,ㄍㄠ
羚,ㄌㄧㄥˊ
怯,ㄑㄩㄝˋ
羞,ㄒㄧㄡ
怨,ㄩㄢˋ
怪,ㄍㄨㄞˋ
斯,ㄙ
遍,ㄅㄧㄢˋ
嗨,ㄏㄞ
嗯,˙ㄣ
嗣,ㄙˋ
嗡,ㄨㄥ
斤,ㄐㄧㄣ
嗦,ㄙㄨㄛ
勻,ㄩㄣˊ
嗤,ㄔ
施,ㄕ
於,ㄩˊ
方,ㄈㄤ
斷,ㄉㄨㄢˋ
蜋,ㄌㄤˊ
齋,ㄓㄞ
毛,ㄇㄠˊ
嗶,ㄅㄧˋ
新,ㄒㄧㄣ
膩,ㄋㄧˋ
嗎,"˙ㄇㄚ
ㄇㄚˇ"
膨,ㄆㄥˊ
文,"ㄨㄣˊ
ㄨㄣˋ"
嗇,ㄙㄜˋ
嗆,ㄑㄧㄤˋ
嗅,ㄒㄧㄡˋ
脊,ㄐㄧˇ
斟,ㄓㄣ
嗚,ㄨ
齣,ㄔㄨ
斜,ㄒㄧㄝˊ
斛,ㄏㄨˊ
料,ㄌㄧㄠˋ
嗜,ㄕˋ
嗓,ㄙㄤˇ
毀,ㄏㄨㄟˇ
嗑,ㄎㄜˋ
池,ㄔˊ
斑,ㄅㄢ
斐,ㄈㄟˇ
除,ㄔㄨˊ
席,ㄒㄧˊ
陡,ㄉㄡˇ
陣,ㄓㄣˋ
院,ㄩㄢˋ
蓮,ㄌㄧㄢˊ
陪,ㄆㄟˊ
陵,ㄌㄧㄥˊ
陷,ㄒㄧㄢˋ
陶,ㄊㄠˊ
聲,ㄕㄥ
陰,ㄧㄣ
陳,ㄔㄣˊ
並,ㄅㄧㄥˋ
陽,ㄧㄤˊ
獄,ㄩˋ
陸,"ㄌㄨˋ
ㄌㄧㄡˋ"
鐲,ㄓㄨㄛˊ
附,ㄈㄨˋ
型,ㄒㄧㄥˊ
陀,ㄊㄨㄛˊ
遜,ㄒㄩㄣˋ
降,"ㄐㄧㄤˋ
ㄒㄧㄤˊ"
陌,ㄇㄛˋ
陋,ㄌㄡˋ
限,ㄒㄧㄢˋ
陝,ㄕㄢˇ
陛,ㄅㄧˋ
轍,"ㄔㄜˋ
ㄓㄜˊ"
轎,ㄐㄧㄠˋ
轉,"ㄓㄨㄢˇ
ㄓㄨㄢˋ"
轄,ㄒㄧㄚˊ
轅,ㄩㄢˊ
攀,ㄆㄢ
笆,ㄅㄚ
笙,ㄕㄥ
笛,ㄉㄧˊ
鯨,ㄐㄧㄥ
笑,ㄒㄧㄠˋ
賴,ㄌㄞˋ
笨,ㄅㄣˋ
鯝,ㄍㄨˋ
第,ㄉㄧˋ
笠,ㄌㄧˋ
獗,ㄐㄩㄝˊ
厲,ㄌㄧˋ
符,ㄈㄨˊ
常,ㄔㄤˊ
鯉,ㄌㄧˇ
世,ㄕˋ
管,ㄍㄨㄢˇ
濱,ㄅㄧㄣ
舒,ㄕㄨ
舐,ㄕˋ
溝,ㄍㄡ
溜,"ㄌㄧㄡ
ㄌㄧㄡˋ"
舛,ㄔㄨㄢˇ
源,ㄩㄢˊ
舟,ㄓㄡ
準,ㄓㄨㄣˇ
峙,ㄓˋ
舜,ㄕㄨㄣˋ
峇,ㄅㄚ
舂,ㄔㄨㄥ
溉,ㄍㄞˋ
舀,ㄧㄠˇ
與,"ㄩˇ
ㄩˋ"
鱷,ㄜˋ
舅,ㄐㄧㄡˋ
粒,ㄌㄧˋ
舉,ㄐㄩˇ
酷,ㄎㄨˋ
則,ㄗㄜˊ
舍,"ㄕㄜˋ
ㄕㄜˇ"
舌,ㄕㄜˊ
黴,ㄇㄟˊ
島,ㄉㄠˇ
舵,ㄉㄨㄛˋ
溼,ㄕ
舺,ㄐㄧㄚˇ
船,ㄔㄨㄢˊ
峻,ㄐㄩㄣˋ
溶,ㄖㄨㄥˊ
溫,ㄨㄣ
溪,ㄒㄧ
溯,ㄙㄨˋ
帶,ㄉㄞˋ
粟,ㄙㄨˋ
溢,ㄧˋ
峭,ㄑㄧㄠˋ
峪,ㄩˋ
般,"ㄅㄢ
ㄆㄢˊ
ㄅㄛ"
蚤,ㄗㄠˇ
填,ㄊㄧㄢˊ
塭,ㄨㄣ
烤,ㄎㄠˇ
蚣,ㄍㄨㄥ
蚯,ㄑㄧㄡ
塢,ㄨˋ
烯,ㄒㄧ
蚪,ㄉㄡˇ
蚵,"ㄎㄜ
ㄜˊ"
蚱,ㄓㄚˋ
烷,ㄨㄢˊ
塾,ㄕㄨˊ
烹,ㄆㄥ
激,ㄐㄧ
九,ㄐㄧㄡˇ
烽,ㄈㄥ
槎,ㄔㄚˊ
塊,ㄎㄨㄞˋ
塌,ㄊㄚ
賤,ㄐㄧㄢˋ
烈,ㄌㄧㄝˋ
烊,ㄧㄤˊ
望,ㄨㄤˋ
烏,ㄨ
蚊,ㄨㄣˊ
塘,ㄊㄤˊ
塚,ㄓㄨㄥˇ
丁,ㄉㄧㄥ
蚓,ㄧㄣˇ
塞,"ㄙㄜˋ
ㄙㄞˋ
ㄙㄞ"
塑,ㄙㄨˋ
烘,ㄏㄨㄥ
一,ㄧ
醃,ㄧㄢ
塔,ㄊㄚˇ
塗,ㄊㄨˊ
散,"ㄙㄢˋ
ㄙㄢˇ"
兼,ㄐㄧㄢ
膽,ㄉㄢˇ
典,ㄉㄧㄢˇ
幟,ㄓˋ
膾,ㄎㄨㄞˋ
兵,ㄅㄧㄥ
今,ㄐㄧㄣ
其,ㄑㄧˊ
共,ㄍㄨㄥˋ
六,ㄌㄧㄡˋ
公,ㄍㄨㄥ
廊,ㄌㄤˊ
兩,ㄌㄧㄤˇ
全,ㄑㄩㄢˊ
八,ㄅㄚ
入,ㄖㄨˋ
膀,"ㄅㄤˇ
ㄆㄤˊ"
內,ㄋㄟˋ
兢,ㄐㄧㄥ
兜,ㄉㄡ
膛,ㄊㄤˊ
膚,ㄈㄨ
膝,ㄒㄧ
膜,ㄇㄛˊ
兔,ㄊㄨˋ
炊,ㄔㄨㄟ
兒,ㄦˊ
免,ㄇㄧㄢˇ
廉,ㄌㄧㄢˊ
膊,ㄅㄛˊ
光,ㄍㄨㄤ
先,ㄒㄧㄢ
克,ㄎㄜˋ
匣,ㄒㄧㄚˊ
充,ㄔㄨㄥ
兄,ㄒㄩㄥ
兇,ㄒㄩㄥ
兆,ㄓㄠˋ
允,ㄩㄣˇ
兀,ㄨˋ
元,ㄩㄢˊ
椅,ㄧˇ
植,ㄓˊ
霎,ㄕㄚˋ
椏,ㄧㄚ
椎,ㄓㄨㄟ
曙,ㄕㄨˋ
粵,ㄩㄝˋ
广,ㄧㄢˇ
賽,ㄙㄞˋ
粱,ㄌㄧㄤˊ
椰,ㄧㄝˊ
椒,ㄐㄧㄠ
菲,"ㄈㄟ
ㄈㄟˇ"
濛,ㄇㄥˊ
敝,ㄅㄧˋ
築,ㄓㄨˊ
範,ㄈㄢˋ
辛,ㄒㄧㄣ
菱,ㄌㄧㄥˊ
辜,ㄍㄨ
鼓,ㄍㄨˇ
鮭,ㄍㄨㄟ
鮮,"ㄒㄧㄢ
ㄒㄧㄢˇ"
篙,ㄍㄠ
撥,ㄅㄛ
篛,ㄖㄨㄛˋ
朦,ㄇㄥˊ
繚,ㄌㄧㄠˊ
辱,ㄖㄨˋ
辰,ㄔㄣˊ
農,ㄋㄨㄥˊ
篩,ㄕㄞ
霍,ㄏㄨㄛˋ
篤,ㄉㄨˇ
替,ㄊㄧˋ
鮑,ㄅㄠˋ
辣,ㄌㄚˋ
篾,ㄇㄧㄝˋ
潰,ㄎㄨㄟˋ
辦,ㄅㄢˋ
辨,ㄅㄧㄢˋ
斬,ㄓㄢˇ
辭,ㄘˊ
辯,ㄅㄧㄢˋ
辮,ㄅㄧㄢˋ
鷺,ㄌㄨˋ
繡,ㄒㄧㄡˋ
更,"ㄍㄥ
ㄍㄥˋ"
恐,ㄎㄨㄥˇ
繫,"ㄒㄧˋ
ㄐㄧˋ"
繪,ㄏㄨㄟˋ
繩,ㄕㄥˊ
恕,ㄕㄨˋ
攏,ㄌㄨㄥˇ
繳,ㄐㄧㄠˇ
恍,ㄏㄨㄤˇ
恃,ㄕˋ
繽,ㄅㄧㄣ
繼,ㄐㄧˋ
恆,ㄏㄥˊ
繹,ㄧˋ
繆,"ㄇㄡˊ
ㄇㄧㄠˋ
ㄇㄧㄡˋ"
繃,"ㄅㄥ
ㄅㄥˇ
ㄅㄥˋ"
恿,ㄩㄥˇ
繁,ㄈㄢˊ
恰,ㄑㄧㄚˋ
菁,ㄐㄧㄥ
恨,ㄏㄣˋ
恩,ㄣ
息,ㄒㄧˊ
恬,ㄊㄧㄢˊ
恭,ㄍㄨㄥ
恢,ㄏㄨㄟ
恣,ㄗˋ
炕,ㄎㄤˋ
恤,ㄒㄩˋ
恥,ㄔˇ
睹,ㄉㄨˇ
銓,ㄑㄩㄢˊ
睽,ㄎㄨㄟˊ
撢,ㄉㄢˇ
銘,ㄇㄧㄥˊ
匆,ㄘㄨㄥ
囑,ㄓㄨˇ
銜,ㄒㄧㄢˊ
睫,ㄐㄧㄝˊ
睪,ㄍㄠ
銃,ㄔㄨㄥˋ
銅,ㄊㄨㄥˊ
睬,ㄘㄞˇ
督,ㄉㄨ
睡,ㄕㄨㄟˋ
潁,ㄧㄥˇ
睦,ㄇㄨˋ
謠,ㄧㄠˊ
睛,ㄐㄧㄥ
銲,ㄏㄢˋ
銳,ㄖㄨㄟˋ
講,ㄐㄧㄤˇ
睞,ㄌㄞˋ
謙,ㄑㄧㄢ
睜,ㄓㄥ
撤,ㄔㄜˋ
謐,ㄇㄧˋ
謎,ㄇㄧˊ
睏,ㄎㄨㄣˋ
謊,ㄏㄨㄤˇ
潤,ㄖㄨㄣˋ
謂,ㄨㄟˋ
謀,ㄇㄡˊ
阪,ㄅㄢˇ
寂,ㄐㄧˊ
寇,ㄎㄡˋ
密,ㄇㄧˋ
寅,ㄧㄣˊ
寄,ㄐㄧˋ
阡,ㄑㄧㄢ
缺,ㄑㄩㄝ
富,ㄈㄨˋ
寓,ㄩˋ
寒,ㄏㄢˊ
寐,ㄇㄟˋ
阿,"ㄜ
ㄚ"
防,ㄈㄤˊ
曜,ㄧㄠˋ
阱,ㄐㄧㄥˇ
察,ㄔㄚˊ
菜,ㄘㄞˋ
悶,"ㄇㄣˋ
ㄇㄣ"
寢,ㄑㄧㄣˇ
寡,ㄍㄨㄚˇ
寧,ㄋㄧㄥˊ
實,ㄕˊ
寥,ㄌㄧㄠˊ
寤,ㄨˋ
寫,ㄒㄧㄝˇ
審,ㄕㄣˇ
寨,ㄓㄞˋ
裡,ㄌㄧˇ
寬,ㄎㄨㄢ
寰,ㄏㄨㄢˊ
寶,ㄅㄠˇ
寵,ㄔㄨㄥˇ
蟒,ㄇㄤˇ
寺,ㄙˋ
寸,ㄘㄨㄣˋ
馴,ㄒㄩㄣˊ
儀,ㄧˊ
億,ㄧˋ
儉,ㄐㄧㄢˇ
斥,ㄔˋ
儒,ㄖㄨˊ
楔,ㄒㄧㄝ
楓,ㄈㄥ
楞,"ㄌㄥˊ
ㄌㄥˋ"
儘,ㄐㄧㄣˇ
鰍,ㄑㄧㄡ
楚,ㄔㄨˇ
償,ㄔㄤˊ
儡,ㄌㄟˇ
楣,ㄇㄟˊ
楠,ㄋㄢˊ
鰓,ㄙㄞ
優,ㄧㄡ
業,ㄧㄝˋ
楨,ㄓㄣ
儲,ㄔㄨˊ
楷,ㄎㄞˇ
極,ㄐㄧˊ
儸,ㄌㄨㄛˊ
撼,ㄏㄢˋ
篇,ㄆㄧㄢ
彼,ㄅㄧˇ
岔,ㄔㄚˋ
艘,ㄙㄠ
滑,"ㄏㄨㄚˊ
ㄍㄨˇ"
滔,ㄊㄠ
節,ㄐㄧㄝˊ
滋,ㄗ
滌,ㄉㄧˊ
艇,ㄊㄧㄥˇ
岌,ㄐㄧˊ
滂,ㄆㄤ
勁,ㄐㄧㄥˋ
滄,ㄘㄤ
滅,ㄇㄧㄝˋ
滸,ㄏㄨˇ
篝,ㄍㄡ
色,ㄙㄜˋ
岷,ㄇㄧㄣˊ
岱,ㄉㄞˋ
滾,ㄍㄨㄣˇ
岳,ㄩㄝˋ
滲,ㄕㄣˋ
岸,ㄢˋ
艾,"ㄞˋ
ㄧˋ"
滷,ㄌㄨˇ
戾,ㄌㄧˋ
滬,ㄏㄨˋ
岡,ㄍㄤ
艦,ㄐㄧㄢˋ
滯,ㄓˋ
岩,ㄧㄢˊ
良,ㄌㄧㄤˊ
旬,ㄒㄩㄣˊ
旭,ㄒㄩˋ
喪,"ㄙㄤ
ㄙㄤˋ"
撈,ㄌㄠ
喬,ㄑㄧㄠˊ
早,ㄗㄠˇ
單,"ㄉㄢ
ㄔㄢˊ
ㄕㄢˋ"
日,ㄖˋ
旦,ㄉㄢˋ
既,ㄐㄧˋ
喧,ㄒㄩㄢ
昂,ㄤˊ
喻,ㄩˋ
旺,ㄨㄤˋ
鼎,ㄉㄧㄥˇ
喲,ㄧㄠ
喳,ㄓㄚ
旱,ㄏㄢˋ
喉,ㄏㄡˊ
喊,ㄏㄢˇ
喋,ㄉㄧㄝˊ
靂,ㄌㄧˋ
旋,"ㄒㄩㄢˊ
ㄒㄩㄢˋ"
喀,ㄎㄚ
旅,ㄌㄩˇ
喂,ㄨㄟˋ
喃,ㄋㄢˊ
善,ㄕㄢˋ
旁,ㄆㄤˊ
喇,ㄌㄚˇ
喘,ㄔㄨㄢˇ
喙,ㄏㄨㄟˋ
喚,ㄏㄨㄢˋ
韁,ㄐㄧㄤ
喜,ㄒㄧˇ
喝,"ㄏㄜ
ㄏㄜˋ"
鼠,ㄕㄨˇ
喟,ㄎㄨㄟˋ
旗,ㄑㄧˊ
喔,"ㄨㄛˋ
ㄛ"
臼,ㄐㄧㄡˋ
仙,ㄒㄧㄢ
致,ㄓˋ
至,ㄓˋ
萌,ㄇㄥˊ
臭,"ㄔㄡˋ
ㄒㄧㄡˋ"
自,ㄗˋ
臨,ㄌㄧㄣˊ
臥,ㄨㄛˋ
臣,ㄔㄣˊ
臟,ㄗㄤˋ
罈,ㄊㄢˊ
闔,ㄏㄜˊ
臘,ㄌㄚˋ
蔽,ㄅㄧˋ
撞,ㄓㄨㄤˋ
臏,ㄅㄧㄣˋ
臍,ㄑㄧˊ
臉,ㄌㄧㄢˇ
昆,ㄎㄨㄣ
龜,"ㄍㄨㄟ
ㄐㄩㄣ
ㄑㄧㄡ"
臂,ㄅㄧˋ
臀,ㄊㄨㄣˊ
韭,ㄐㄧㄡˇ
它,ㄊㄚ
宅,ㄓㄞˊ
莫,ㄇㄛˋ
宇,ㄩˇ
守,ㄕㄡˇ
安,ㄢ
宋,ㄙㄨㄥˋ
完,ㄨㄢˊ
宏,ㄏㄨㄥˊ
響,ㄒㄧㄤˇ
韻,ㄩㄣˋ
宕,ㄉㄤˋ
宗,ㄗㄨㄥ
官,ㄍㄨㄢ
宙,ㄓㄡˋ
定,ㄉㄧㄥˋ
宛,"ㄨㄢˇ
ㄩㄢ"
宜,ㄧˊ
客,ㄎㄜˋ
韌,ㄖㄣˋ
室,ㄕˋ
饞,ㄔㄢˊ
宮,ㄍㄨㄥ
緘,ㄐㄧㄢ
宰,ㄗㄞˇ
饑,ㄐㄧ
害,ㄏㄞˋ
粗,ㄘㄨ
宵,ㄒㄧㄠ
家,"ㄐㄧㄚ
ㄍㄨ"
宸,ㄔㄣˊ
容,ㄖㄨㄥˊ
篷,ㄆㄥˊ
韓,ㄏㄢˊ
宿,"ㄙㄨˋ
ㄒㄧㄡˇ
ㄒㄧㄡˋ"
返,ㄈㄢˇ
算,ㄙㄨㄢˋ
箔,ㄅㄛˊ
近,ㄐㄧㄣˋ
禍,ㄏㄨㄛˋ
迄,ㄑㄧˋ
迅,ㄒㄩㄣˋ
迂,ㄩ
饗,ㄒㄧㄤˇ
迎,ㄧㄥˊ
箋,ㄐㄧㄢ
罌,ㄧㄥ
箏,ㄓㄥ
箍,ㄍㄨ
迷,ㄇㄧˊ
迴,ㄏㄨㄟˊ
禁,"ㄐㄧㄣˋ
ㄐㄧㄣ"
述,ㄕㄨˋ
穆,ㄇㄨˋ
礎,ㄔㄨˇ
追,ㄓㄨㄟ
迺,ㄋㄞˇ
饋,ㄎㄨㄟˋ
迸,ㄅㄥˋ
成,ㄔㄥˊ
迦,ㄐㄧㄚ
迤,ㄧˊ
迥,ㄐㄩㄥˇ
迢,ㄊㄧㄠˊ
腆,ㄊㄧㄢˇ
迭,ㄉㄧㄝˊ
迪,ㄉㄧˊ
浦,ㄆㄨˇ
箬,ㄖㄨㄛˋ
箭,ㄐㄧㄢˋ
澎,"ㄆㄥˊ
ㄆㄥ"
堯,ㄧㄠˊ
手,ㄕㄡˇ
堪,ㄎㄢ
項,ㄒㄧㄤˋ
炮,"ㄆㄠˊ
ㄆㄠˋ
ㄅㄠ"
炯,ㄐㄩㄥˇ
炬,ㄐㄩˋ
炭,ㄊㄢˋ
炫,ㄒㄩㄢˋ
蛤,"ㄍㄜˊ
ㄏㄚˊ"
堡,ㄅㄠˇ
蛻,ㄊㄨㄟˋ
蛹,ㄩㄥˇ
蛾,ㄜˊ
炳,ㄅㄧㄥˇ
穎,ㄧㄥˇ
場,ㄔㄤˇ
堵,ㄉㄨˇ
為,"ㄨㄟˊ
ㄨㄟˋ"
堰,ㄧㄢˋ
報,ㄅㄠˋ
蛋,ㄉㄢˋ
蛉,ㄌㄧㄥˊ
堊,ㄜˋ
堆,ㄉㄨㄟ
蛀,ㄓㄨˋ
堅,ㄐㄧㄢ
蛆,ㄑㄩ
蛇,"ㄕㄜˊ
ㄧˊ"
蛛,ㄓㄨ
蛙,ㄨㄚ
炒,ㄔㄠˇ
蛟,ㄐㄧㄠ
縫,"ㄈㄥˊ
ㄈㄥˋ"
繭,ㄐㄧㄢˇ
炙,ㄓˋ
譽,ㄩˋ
眺,ㄊㄧㄠˋ
眼,ㄧㄢˇ
眾,ㄓㄨㄥˋ
譴,ㄑㄧㄢˇ
騾,ㄌㄨㄛˊ
護,ㄏㄨˋ
議,ㄧˋ
眶,ㄎㄨㄤ
眷,ㄐㄩㄢˋ
眨,ㄓㄚˇ
眩,ㄒㄩㄢˋ
譯,ㄧˋ
搜,ㄙㄡ
眠,ㄇㄧㄢˊ
警,ㄐㄧㄥˇ
乃,ㄋㄞˇ
譜,ㄆㄨˇ
識,"ㄕˋ
ㄓˋ"
譚,ㄊㄢˊ
真,ㄓㄣ
眈,ㄉㄢ
眉,ㄇㄟˊ
看,"ㄎㄢˋ
ㄎㄢ"
證,ㄓㄥˋ
省,"ㄕㄥˇ
ㄒㄧㄥˇ"
譁,ㄏㄨㄚˊ
眇,ㄇㄧㄠˇ
檸,ㄋㄧㄥˊ
課,ㄎㄜˋ
樹,ㄕㄨˋ
穢,ㄏㄨㄟˋ
僅,ㄐㄧㄣˇ
聶,ㄋㄧㄝˋ
像,ㄒㄧㄤˋ
罄,ㄑㄧㄥˋ
檀,ㄊㄢˊ
僕,ㄆㄨˊ
僑,ㄑㄧㄠˊ
檜,ㄎㄨㄞˋ
僚,ㄌㄧㄠˊ
嬌,ㄐㄧㄠ
檔,ㄉㄤˇ
僧,ㄙㄥ
僥,ㄐㄧㄠˇ
檯,ㄊㄞˊ
誤,ㄨˋ
僮,"ㄊㄨㄥˊ
ㄓㄨㄤˋ"
蟆,ㄇㄚˊ
鬢,ㄅㄧㄣˋ
檻,"ㄎㄢˇ
ㄐㄧㄢˋ"
僵,ㄐㄧㄤ
瓢,ㄆㄧㄠˊ
砂,ㄕㄚ
僱,ㄍㄨˋ
檳,ㄅㄧㄣ
僻,ㄆㄧˋ
價,ㄐㄧㄚˋ
魁,ㄎㄨㄟˊ
魂,ㄏㄨㄣˊ
魅,ㄇㄟˋ
憚,ㄉㄢˋ
縣,ㄒㄧㄢˋ
縮,ㄙㄨㄛ
憔,ㄑㄧㄠˊ
憑,ㄆㄧㄥˊ
憐,ㄌㄧㄢˊ
縴,ㄑㄧㄢˋ
憎,ㄗㄥ
縷,ㄌㄩˇ
憊,ㄅㄟˋ
螽,ㄓㄨㄥ
總,ㄗㄨㄥˇ
績,ㄐㄧ
魚,ㄩˊ
憂,ㄧㄡ
憾,ㄏㄢˋ
憶,ㄧˋ
縈,ㄧㄥˊ
憲,ㄒㄧㄢˋ
魯,ㄌㄨˇ
蹈,ㄉㄠˋ
憬,ㄐㄧㄥˇ
憫,ㄇㄧㄣˇ
魷,ㄧㄡˊ
憨,ㄏㄢ
憧,ㄔㄨㄥ
憤,ㄈㄣˋ
縛,ㄈㄨˊ
瘤,ㄌㄧㄡˊ
件,ㄐㄧㄢˋ
收,ㄕㄡ
改,ㄍㄞˇ
攸,ㄧㄡ
攻,ㄍㄨㄥ
啦,"ㄌㄚ
˙ㄌㄚ"
啡,ㄈㄟ
被,"ㄅㄟˋ
ㄆㄧ"
政,ㄓㄥˋ
放,ㄈㄤˋ
啼,ㄊㄧˊ
啾,ㄐㄧㄡ
攤,ㄊㄢ
繞,ㄖㄠˋ
騷,ㄙㄠ
攪,"ㄐㄧㄠˇ
ㄍㄠˇ"
攬,ㄌㄢˇ
支,ㄓ
問,ㄨㄣˋ
譬,ㄆㄧˋ
攔,ㄌㄢˊ
啊,"ㄚ
˙ㄚ"
鳳,ㄈㄥˋ
啄,ㄓㄨㄛˊ
商,ㄕㄤ
啁,ㄓㄡ
鳶,ㄩㄢ
啃,ㄎㄣˇ
鳴,ㄇㄧㄥˊ
啜,ㄔㄨㄛˋ
啟,ㄑㄧˇ
啞,"ㄧㄚˇ
ㄧㄚ"
啕,ㄊㄠˊ
具,ㄐㄩˋ
敵,ㄉㄧˊ
鳥,ㄋㄧㄠˇ
髦,ㄇㄠˊ
矽,ㄒㄧˋ
鑽,"ㄗㄨㄢ
ㄗㄨㄢˋ"
衣,"ㄧ
ㄧˋ"
鈞,ㄐㄩㄣ
垂,ㄔㄨㄟˊ
石,"ㄕˊ
ㄉㄢˋ"
鈕,ㄋㄧㄡˇ
短,ㄉㄨㄢˇ
矯,ㄐㄧㄠˇ
鈉,ㄋㄚˋ
矩,ㄐㄩˇ
鈍,ㄉㄨㄣˋ
知,ㄓ
姆,ㄇㄨˇ
矣,ㄧˇ
矢,ㄕˇ
鈾,ㄧㄡˋ
謹,ㄐㄧㄣˇ
矛,ㄇㄠˊ
矚,ㄓㄨˇ
矗,ㄔㄨˋ
娑,ㄙㄨㄛ
鈴,ㄌㄧㄥˊ
撮,ㄘㄨㄛˋ
娟,ㄐㄩㄢ
齒,ㄔˇ
的,"ㄉㄧˋ
ㄉㄧˊ
˙ㄉㄜ"
鞭,ㄅㄧㄢ
鬧,ㄋㄠˋ
謳,ㄡ
變,ㄅㄧㄢˋ
鞠,ㄐㄩˊ
鑰,ㄧㄠˋ
孕,ㄩㄣˋ
孔,ㄎㄨㄥˇ
字,ㄗˋ
蹣,ㄇㄢˊ
子,"ㄗˇ
˙ㄗ"
噩,ㄜˋ
孝,ㄒㄧㄠˋ
孜,ㄗ
孟,ㄇㄥˋ
鑲,ㄒㄧㄤ
存,ㄘㄨㄣˊ
孤,ㄍㄨ
鞏,ㄍㄨㄥˇ
季,ㄐㄧˋ
孢,ㄅㄠ
螢,ㄧㄥˊ
蹧,ㄗㄠ
孩,ㄏㄞˊ
孫,"ㄙㄨㄣ
ㄒㄩㄣˋ"
孵,ㄈㄨ
謬,ㄇㄧㄡˋ
孰,ㄕㄨˊ
娘,ㄋㄧㄤˊ
衷,ㄓㄨㄥ
學,ㄒㄩㄝˊ
孺,ㄖㄨˊ
渝,ㄩˊ
渙,ㄏㄨㄢˋ
屜,ㄊㄧˋ
減,ㄐㄧㄢˇ
芒,ㄇㄤˊ
芝,ㄓ
選,ㄒㄩㄢˇ
芙,ㄈㄨˊ
屈,ㄑㄩ
屋,ㄨ
屍,ㄕ
屏,"ㄆㄧㄥˊ
ㄅㄧㄥˇ"
屎,ㄕˇ
屁,ㄆㄧˋ
局,ㄐㄩˊ
居,ㄐㄩ
芋,ㄩˋ
屆,ㄐㄧㄝˋ
屹,ㄧˋ
渾,ㄏㄨㄣˊ
花,ㄏㄨㄚ
游,ㄧㄡˊ
芳,ㄈㄤ
渺,ㄇㄧㄠˇ
山,ㄕㄢ
渴,ㄎㄜˇ
芾,"ㄈㄟˋ
ㄈㄨˊ"
芹,ㄑㄧㄣˊ
芸,ㄩㄣˊ
渲,ㄒㄩㄢˋ
芥,ㄐㄧㄝˋ
測,ㄘㄜˋ
港,ㄍㄤˇ
芡,ㄑㄧㄢˋ
屬,"ㄕㄨˇ
ㄓㄨˇ"
屯,"ㄊㄨㄣˊ
ㄓㄨㄣ"
芭,ㄅㄚ
屠,ㄊㄨˊ
渦,"ㄨㄛ
ㄍㄨㄛ"
渡,ㄉㄨˋ
渠,ㄑㄩˊ
渣,ㄓㄚ
皮,ㄆㄧˊ
忱,ㄔㄣˊ
獨,ㄉㄨˊ
念,ㄋㄧㄢˋ
蜥,ㄒㄧ
鬱,ㄩˋ
忿,ㄈㄣˋ
蜢,ㄇㄥˇ
忽,ㄏㄨ
蜿,ㄨㄢ
獺,ㄊㄚˋ
忡,ㄔㄨㄥ
忠,ㄓㄨㄥ
蜻,ㄑㄧㄥ
獼,ㄇㄧˊ
快,ㄎㄨㄞˋ
忪,"ㄓㄨㄥ
ㄙㄨㄥ"
蜴,ㄧˋ
獷,ㄍㄨㄤˇ
懦,ㄋㄨㄛˋ
獵,ㄌㄧㄝˋ
忑,ㄊㄜˋ
忐,ㄊㄢˇ
志,ㄓˋ
忖,ㄘㄨㄣˇ
蜈,ㄨˊ
髏,ㄌㄡˊ
忙,ㄇㄤˊ
忘,ㄨㄤˋ
蜂,ㄈㄥ
獅,ㄕ
蜀,ㄕㄨˇ
心,ㄒㄧㄣ
蟋,ㄒㄧ
蜜,ㄇㄧˋ
必,ㄅㄧˋ
蜘,ㄓ
漁,ㄩˊ
蜓,ㄊㄧㄥˊ
蜒,ㄧㄢˊ
忍,ㄖㄣˇ
忌,ㄐㄧˋ
魔,ㄇㄛˊ
敷,ㄈㄨ
整,ㄓㄥˇ
唱,ㄔㄤˋ
敲,ㄑㄧㄠ
唷,ㄧㄛ
斃,ㄅㄧˋ
唸,ㄋㄧㄢˋ
唾,ㄊㄨㄛˋ
數,"ㄕㄨˋ
ㄕㄨˇ
ㄕㄨㄛˋ"
謝,ㄒㄧㄝˋ
敦,ㄉㄨㄣ
敢,ㄍㄢˇ
唧,ㄐㄧˊ
蝨,ㄕ
敬,ㄐㄧㄥˋ
售,ㄕㄡˋ
唯,ㄨㄟˊ
唬,ㄏㄨˇ
敖,ㄠˊ
敗,ㄅㄞˋ
唐,ㄊㄤˊ
敕,ㄔˋ
巍,ㄨㄟˊ
唔,ㄨˊ
救,ㄐㄧㄡˋ
敞,ㄔㄤˇ
逵,ㄎㄨㄟˊ
敘,ㄒㄩˋ
教,"ㄐㄧㄠ
ㄐㄧㄠˋ"
故,ㄍㄨˋ
徹,ㄔㄜˋ
敏,ㄇㄧㄣˇ
唉,ㄞ
效,ㄒㄧㄠˋ
絃,ㄒㄧㄢˊ
終,ㄓㄨㄥ
絆,ㄅㄢˋ
組,ㄗㄨˇ
結,"ㄐㄧㄝˊ
ㄐㄧㄝ"
絕,ㄐㄩㄝˊ
鑄,ㄓㄨˋ
絛,ㄊㄠ
壓,ㄧㄚ
絞,ㄐㄧㄠˇ
絢,ㄒㄩㄢˋ
絡,ㄌㄨㄛˋ
瑋,ㄨㄟˇ
給,"ㄐㄧˇ
ㄍㄟˇ"
絨,ㄖㄨㄥˊ
韶,ㄕㄠˊ
絮,ㄒㄩˋ
絲,ㄙ
統,ㄊㄨㄥˇ
坦,ㄊㄢˇ
絹,ㄐㄩㄢˋ
穗,ㄙㄨㄟˋ
隋,ㄙㄨㄟˊ
蔑,ㄇㄧㄝˋ
產,ㄔㄢˇ
樵,ㄑㄧㄠˊ
蝴,ㄏㄨˊ
捐,ㄐㄩㄢ
穀,ㄍㄨˇ
蝌,ㄎㄜ
阮,ㄖㄨㄢˇ
積,ㄐㄧ
穌,ㄙㄨ
蝶,ㄉㄧㄝˊ
究,ㄐㄧㄡˋ
穴,ㄒㄩㄝˋ
谿,ㄒㄧ
窯,ㄧㄠˊ
穿,ㄔㄨㄢ
徬,ㄆㄤˊ
谷,"ㄍㄨˇ
ㄩˋ"
空,"ㄎㄨㄥ
ㄎㄨㄥˋ"
穹,ㄑㄩㄥ
巖,ㄧㄢˊ
猶,ㄧㄡˊ
遺,"ㄧˊ
ㄨㄟˋ"
巔,ㄉㄧㄢ
穫,ㄏㄨㄛˋ
穩,ㄨㄣˇ
鬆,ㄙㄨㄥ
涯,ㄧㄚˊ
鬃,ㄗㄨㄥ
覽,ㄌㄢˇ
噓,ㄒㄩ
鬍,ㄏㄨˊ
蔥,ㄘㄨㄥ
龕,ㄎㄢ
懈,ㄒㄧㄝˋ
應,"ㄧㄥ
ㄧㄥˋ"
懊,ㄠˋ
鬟,ㄏㄨㄢˊ
懇,ㄎㄣˇ
鬚,ㄒㄩ
懂,ㄉㄨㄥˇ
差,"ㄔㄚ
ㄔㄞ
ㄘ"
懼,ㄐㄩˋ
田,ㄊㄧㄢˊ
懾,ㄓㄜˊ
鬥,ㄉㄡˋ
懸,ㄒㄩㄢˊ
蔡,ㄘㄞˋ
阻,ㄗㄨˇ
懵,ㄇㄥˊ
懶,ㄌㄢˇ
懷,ㄏㄨㄞˊ
懲,ㄔㄥˊ
窣,ㄙㄨˋ
申,ㄕㄣ
巢,ㄔㄠˊ
鬼,ㄍㄨㄟˇ
蔭,ㄧㄣˋ
猩,ㄒㄧㄥ
蔬,ㄕㄨ
誘,ㄧㄡˋ
徵,"ㄓㄥ
ㄓˇ"
德,ㄉㄜˊ
巧,ㄑㄧㄠˇ
蝦,"ㄒㄧㄚ
ㄏㄚˊ"
赳,ㄐㄧㄡ
蝠,ㄈㄨˊ
徽,ㄏㄨㄟ
左,ㄗㄨㄛˇ
御,ㄩˋ
蝸,ㄍㄨㄚ
猾,ㄏㄨㄚˊ
猿,ㄩㄢˊ
徨,ㄏㄨㄤˊ
復,ㄈㄨˋ
循,ㄒㄩㄣˊ
猴,ㄏㄡˊ
微,ㄨㄟˊ
漬,ㄗˋ
徐,ㄒㄩˊ
徑,ㄐㄧㄥˋ
徒,ㄊㄨˊ
得,"ㄉㄜˊ
˙ㄉㄜ
ㄉㄟˇ"
徘,ㄆㄞˊ
徙,ㄒㄧˇ
徜,ㄔㄤˊ
從,"ㄘㄨㄥˊ
ㄘㄨㄥ
ㄗㄨㄥˋ"
寞,ㄇㄛˋ
往,ㄨㄤˇ
征,ㄓㄥ
涼,"ㄌㄧㄤˊ
ㄌㄧㄤˋ"
猜,ㄘㄞ
待,"ㄉㄞˋ
ㄉㄞ"
很,ㄏㄣˇ
徉,ㄧㄤˊ
徊,ㄏㄨㄞˊ
律,ㄌㄩˋ
後,ㄏㄡˋ
猖,ㄔㄤ
蝙,ㄅㄧㄢ
鏟,ㄔㄢˇ
鏘,ㄑㄧㄤ
鏗,ㄎㄥ
涸,ㄏㄜˊ
蟻,ㄧˇ
醺,ㄒㄩㄣ
蝕,ㄕˊ
蟹,ㄒㄧㄝˋ
涵,ㄏㄢˊ
鏽,ㄒㄧㄡˋ
概,ㄍㄞˋ
蔻,ㄎㄡˋ
糰,ㄊㄨㄢˊ
透,ㄊㄡˋ
逍,ㄒㄧㄠ
鏡,ㄐㄧㄥˋ
傅,"ㄈㄨˋ
ㄈㄨ"
估,"ㄍㄨ
ㄍㄨˋ"
傀,ㄎㄨㄟˇ
伶,ㄌㄧㄥˊ
伴,ㄅㄢˋ
伺,"ㄙˋ
ㄘˋ"
伸,ㄕㄣ
伽,"ㄑㄧㄝˊ
ㄐㄧㄚ"
似,ㄙˋ
醬,ㄐㄧㄤˋ
櫚,ㄌㄩˊ
櫛,ㄐㄧㄝˊ
傑,ㄐㄧㄝˊ
蟯,ㄖㄠˊ
擬,ㄋㄧˇ
櫓,ㄌㄨˇ
伯,"ㄅㄛˊ
ㄅㄚˋ"
備,ㄅㄟˋ
休,ㄒㄧㄡ
伐,ㄈㄚ
傢,ㄐㄧㄚ
催,ㄘㄨㄟ
傭,ㄩㄥ
伙,ㄏㄨㄛˇ
燒,ㄕㄠ
櫥,ㄔㄨˊ
薔,ㄑㄧㄤˊ
櫸,ㄐㄩˇ
債,ㄓㄞˋ
企,ㄑㄧˋ
傷,ㄕㄤ
傲,ㄠˋ
傳,"ㄔㄨㄢˊ
ㄓㄨㄢˋ"
伊,ㄧ
傾,ㄑㄧㄥ
醫,ㄧ
伏,ㄈㄨˊ
覓,ㄇㄧˋ
伍,ㄨˇ
傻,ㄕㄚˇ
苛,ㄎㄜ
苙,ㄌㄧˋ
尚,ㄕㄤˋ
湧,ㄩㄥˇ
尖,ㄐㄧㄢ
燙,ㄊㄤˋ
苑,ㄩㄢˋ
苗,ㄇㄧㄠˊ
苔,ㄊㄞˊ
少,"ㄕㄠˇ
ㄕㄠˋ"
湲,ㄩㄢˊ
小,ㄒㄧㄠˇ
對,ㄉㄨㄟˋ
尊,ㄗㄨㄣ
尋,ㄒㄩㄣˊ
專,ㄓㄨㄢ
尉,"ㄨㄟˋ
ㄩˋ"
將,"ㄐㄧㄤ
ㄐㄧㄤˋ"
射,"ㄕㄜˋ
ㄧㄝˋ
ㄧˋ"
封,ㄈㄥ
尾,ㄨㄟˇ
苻,ㄈㄨˊ
尼,ㄋㄧˊ
尺,ㄔˇ
薯,ㄕㄨˇ
尹,ㄧㄣˇ
湊,ㄘㄡˋ
尷,ㄍㄢ
英,ㄧㄥ
奏,ㄗㄡˋ
就,ㄐㄧㄡˋ
尬,ㄍㄚˋ
湖,ㄏㄨˊ
湛,ㄓㄢˋ
尤,ㄧㄡˊ
苦,ㄎㄨˇ
醞,ㄩㄣˋ
若,"ㄖㄨㄛˋ
ㄖㄜˇ"
愣,ㄌㄥˋ
燃,ㄖㄢˊ
愧,ㄎㄨㄟˋ
鏈,ㄌㄧㄢˋ
飆,ㄅㄧㄠ
談,ㄊㄢˊ
飄,ㄆㄧㄠ
飛,ㄈㄟ
食,ㄕˊ
愴,ㄔㄨㄤˋ
薦,ㄐㄧㄢˋ
愾,ㄎㄞˋ
愁,ㄔㄡˊ
飪,ㄖㄣˋ
續,ㄒㄩˋ
纍,ㄌㄟˊ
飯,ㄈㄢˋ
愉,ㄩˊ
愈,ㄩˋ
飧,ㄙㄨㄣ
意,ㄧˋ
纜,ㄌㄢˇ
盧,ㄌㄨˊ
愕,ㄜˋ
飾,ㄕˋ
飽,ㄅㄠˇ
飼,ㄙˋ
纖,ㄒㄧㄢ
飲,"ㄧㄣˇ
ㄧㄣˋ"
愛,ㄞˋ
愚,ㄩˊ
愜,ㄑㄧㄝˋ
感,ㄍㄢˇ
式,ㄕˋ
勤,ㄑㄧㄣˊ
哲,ㄓㄜˊ
楊,ㄧㄤˊ
哽,ㄍㄥˇ
哼,ㄏㄥ
哺,ㄅㄨˇ
暴,"ㄅㄠˋ
ㄆㄨˋ"
暫,ㄓㄢˋ
哦,"ㄜˊ
ㄛˊ"
哥,ㄍㄜ
暨,ㄐㄧˋ
暮,ㄇㄨˋ
員,ㄩㄢˊ
哮,ㄒㄧㄠ
哭,ㄎㄨ
哪,"ㄋㄚˇ
˙ㄋㄚ
ㄋㄨㄛˊ"
哩,"ㄌㄧ
ㄌㄧˇ"
哨,ㄕㄠˋ
勾,"ㄍㄡ
ㄍㄡˋ"
哞,ㄇㄡˊ
暑,ㄕㄨˇ
暗,ㄢˋ
暖,ㄋㄨㄢˇ
醉,ㄗㄨㄟˋ
哇,"ㄨㄚ
˙ㄨㄚ"
暉,ㄏㄨㄟ
哄,"ㄏㄨㄥ
ㄏㄨㄥˇ"
品,ㄆㄧㄣˇ
哀,ㄞ
梧,ㄨˊ
暇,ㄒㄧㄚˊ
哉,ㄗㄞ
哈,"ㄏㄚ
ㄏㄚˇ"
嬉,ㄒㄧ
靴,ㄒㄩㄝ
瞄,ㄇㄧㄠˊ
靶,ㄅㄚˇ
瞋,ㄔㄣ
瞎,ㄒㄧㄚ
瞌,ㄎㄜ
靡,"ㄇㄧˇ
ㄇㄧˊ"
靠,ㄎㄠˋ
面,ㄇㄧㄢˋ
燻,ㄒㄩㄣ
俗,ㄙㄨˊ
革,ㄍㄜˊ
鍥,ㄑㄧㄝˋ
瞞,ㄇㄢˊ
瞟,ㄆㄧㄠˇ
瞠,ㄔㄥ
青,ㄑㄧㄥ
瞧,ㄑㄧㄠˊ
靖,ㄐㄧㄥˋ
鉛,ㄑㄧㄢ
靛,ㄉㄧㄢˋ
灘,ㄊㄢ
靜,ㄐㄧㄥˋ
嬤,ㄇㄚ
非,ㄈㄟ
瞰,ㄎㄢˋ
奮,ㄈㄣˋ
瞻,ㄓㄢ
嬰,ㄧㄥ
瞿,"ㄑㄩˊ
ㄐㄩˋ"
瞼,ㄐㄧㄢˇ
稔,ㄖㄣˇ
豚,ㄊㄨㄣˊ
垢,ㄍㄡˋ
稜,ㄌㄥˊ
稞,ㄎㄜ
稟,ㄅㄧㄥˇ
豔,ㄧㄢˋ
稚,ㄓˋ
豈,ㄑㄧˇ
稅,ㄕㄨㄟˋ
豊,ㄌㄧˇ
稀,ㄒㄧ
灑,ㄙㄚˇ
豎,ㄕㄨˋ
稍,ㄕㄠ
稈,ㄍㄢˇ
豆,ㄉㄡˋ
程,ㄔㄥˊ
豹,ㄅㄠˋ
鏤,ㄌㄡˋ
鉅,ㄐㄩˋ
耍,ㄕㄨㄚˇ
稽,"ㄐㄧ
ㄑㄧˇ"
稿,ㄍㄠˇ
稻,ㄉㄠˋ
勇,ㄩㄥˇ
豪,ㄏㄠˊ
豫,ㄩˋ
稠,ㄔㄡˊ
象,ㄒㄧㄤˋ
種,"ㄓㄨㄥˇ
ㄓㄨㄥˋ"
譏,ㄐㄧ
口,ㄎㄡˇ
叢,ㄘㄨㄥˊ
澤,ㄗㄜˊ
另,ㄌㄧㄥˋ
句,"ㄐㄩˋ
ㄍㄡ"
古,ㄍㄨˇ
叫,ㄐㄧㄠˋ
只,ㄓˇ
叩,ㄎㄡˋ
叨,"ㄊㄠ
ㄉㄠ"
可,"ㄎㄜˇ
ㄎㄜˋ"
叮,ㄉㄧㄥ
叭,ㄅㄚ
召,"ㄓㄠˋ
ㄕㄠˋ"
右,ㄧㄡˋ
史,ㄕˇ
台,"ㄊㄞˊ
ㄧˊ"
澳,ㄠˋ
者,ㄓㄜˇ
茉,ㄇㄛˋ
創,"ㄔㄨㄤˋ
ㄔㄨㄤ"
茅,ㄇㄠˊ
司,ㄙ
范,ㄈㄢˋ
茂,ㄇㄠˋ
茁,ㄓㄨㄛˊ
叼,ㄉㄧㄠ
參,"ㄘㄢ
ㄕㄣ
ㄘㄣ
ㄙㄢ"
澆,ㄐㄧㄠ
覷,ㄑㄩˋ
茼,ㄊㄨㄥˊ
什,"ㄕˊ
ㄕㄣˊ"
茹,ㄖㄨˊ
茸,ㄖㄨㄥˊ
友,ㄧㄡˇ
及,ㄐㄧˊ
叉,ㄔㄚ
仁,ㄖㄣˊ
茲,"ㄗ
ㄘˊ"
反,ㄈㄢˇ
澈,ㄔㄜˋ
澗,ㄐㄧㄢˋ
栽,ㄗㄞ
受,ㄕㄡˋ
取,ㄑㄩˇ
茨,ㄘˊ
叛,ㄆㄢˋ
叟,ㄙㄡˇ
班,ㄅㄢ
彷,"ㄈㄤˇ
ㄆㄤˊ"
珮,ㄆㄟˋ
影,ㄧㄥˇ
務,ㄨˋ
股,ㄍㄨˇ
彿,ㄈㄨˊ
勘,ㄎㄢ
役,ㄧˋ
珠,ㄓㄨ
核,ㄏㄜˊ
彥,ㄧㄢˋ
彤,ㄊㄨㄥˊ
現,ㄒㄧㄢˋ
禧,ㄒㄧ
形,ㄒㄧㄥˊ
彭,ㄆㄥˊ
彬,ㄅㄧㄣ
彩,ㄘㄞˇ
螯,ㄠˊ
彪,ㄅㄧㄠ
珍,ㄓㄣ
彗,ㄏㄨㄟˋ
珊,ㄕㄢ
彙,ㄏㄨㄟˋ
珀,ㄆㄛˋ
螟,ㄇㄧㄥˊ
螞,"ㄇㄚˇ
ㄇㄚˋ"
螃,ㄆㄤˊ
彆,ㄅㄧㄝˋ
儼,ㄧㄢˇ
蘊,ㄩㄣˋ
彌,ㄇㄧˊ
彎,ㄨㄢ
融,ㄖㄨㄥˊ
彈,"ㄉㄢˋ
ㄊㄢˊ"
紀,ㄐㄧˋ
紂,ㄓㄡˋ
約,ㄩㄝ
紅,"ㄏㄨㄥˊ
ㄍㄨㄥ"
蒼,ㄘㄤ
紉,ㄖㄣˋ
紊,ㄨㄣˋ
紋,ㄨㄣˊ
納,ㄋㄚˋ
紐,ㄋㄧㄡˇ
剩,ㄕㄥˋ
紓,ㄕㄨ
純,ㄔㄨㄣˊ
紗,ㄕㄚ
紙,ㄓˇ
級,ㄐㄧˊ
紛,ㄈㄣ
癢,ㄧㄤˇ
蒸,ㄓㄥ
素,ㄙㄨˋ
紡,ㄈㄤˇ
索,ㄙㄨㄛˇ
剪,ㄐㄧㄢˇ
燦,ㄘㄢˋ
傘,ㄙㄢˇ
紫,ㄗˇ
紮,ㄓㄚˊ
累,"ㄌㄟˇ
ㄌㄟˋ"
細,ㄒㄧˋ
紳,ㄕㄣ
副,ㄈㄨˋ
艙,ㄘㄤ
紹,ㄕㄠˋ
皰,ㄆㄠˋ
育,ㄩˋ
檬,ㄇㄥˊ
佰,ㄅㄞˇ
佳,ㄐㄧㄚ
併,ㄅㄧㄥˋ
偏,ㄆㄧㄢ
偎,ㄨㄟ
樅,ㄘㄨㄥ
樁,ㄓㄨㄤ
令,ㄌㄧㄥˋ
假,"ㄐㄧㄚˇ
ㄐㄧㄚˋ"
使,ㄕˇ
你,ㄋㄧˇ
樟,ㄓㄤ
佣,ㄩㄥˋ
標,ㄅㄧㄠ
停,ㄊㄧㄥˊ
蘚,ㄒㄧㄢˇ
佩,ㄆㄟˋ
偕,"ㄒㄧㄝˊ
ㄐㄧㄝ"
樓,ㄌㄡˊ
代,ㄉㄞˋ
佐,ㄗㄨㄛˇ
佑,ㄧㄡˋ
佔,ㄓㄢˋ
栓,ㄕㄨㄢ
佗,ㄊㄨㄛˊ
余,ㄩˊ
佚,ㄧˋ
剖,ㄆㄡˇ
作,"ㄗㄨㄛˋ
ㄗㄨㄛˊ"
樣,ㄧㄤˋ
佃,ㄉㄧㄢˋ
偽,ㄨㄟˋ
樸,ㄆㄨˊ
但,ㄉㄢˋ
佇,ㄓㄨˋ
佈,ㄅㄨˋ
偵,ㄓㄣ
位,ㄨㄟˋ
偷,ㄊㄡ
偶,ㄡˇ
站,ㄓㄢˋ
貞,ㄓㄣ
竟,ㄐㄧㄥˋ
貓,ㄇㄠ
蜍,ㄔㄨˊ
立,ㄌㄧˋ
竊,ㄑㄧㄝˋ
悔,ㄏㄨㄟˇ
竅,ㄑㄧㄠˋ
竄,ㄘㄨㄢˋ
竇,ㄉㄡˋ
貂,ㄉㄧㄠ
貽,ㄧˊ
貼,ㄊㄧㄝ
貿,ㄇㄠˋ
竺,ㄓㄨˊ
貸,ㄉㄞˋ
費,ㄈㄟˋ
貴,ㄍㄨㄟˋ
買,ㄇㄞˇ
貶,ㄅㄧㄢˇ
貳,ㄦˋ
競,ㄐㄧㄥˋ
責,ㄗㄜˊ
貯,ㄓㄨˇ
櫻,ㄧㄥ
販,ㄈㄢˋ
貨,ㄏㄨㄛˋ
貫,ㄍㄨㄢˋ
貪,ㄊㄢ
章,ㄓㄤ
貧,ㄆㄧㄣˊ
童,ㄊㄨㄥˊ
負,ㄈㄨˋ
貢,ㄍㄨㄥˋ
兮,ㄒㄧ
慧,ㄏㄨㄟˋ
慢,ㄇㄢˋ
肛,ㄍㄤ
艱,ㄐㄧㄢ
慮,ㄌㄩˋ
祿,ㄌㄨˋ
慫,ㄙㄨㄥˇ
慨,ㄎㄞˇ
慶,ㄑㄧㄥˋ
慷,ㄎㄤ
祠,ㄘˊ
祥,ㄒㄧㄤˊ
慾,ㄩˋ
票,ㄆㄧㄠˋ
祭,ㄐㄧˋ
風,"ㄈㄥ
ㄈㄥˋ"
嘶,ㄙ
慄,ㄌㄧˋ
削,"ㄒㄧㄠ
ㄒㄩㄝˋ"
祖,ㄗㄨˇ
涓,ㄐㄩㄢ
慎,ㄕㄣˋ
慌,ㄏㄨㄤ
滿,ㄇㄢˇ
祟,ㄙㄨㄟˋ
神,ㄕㄣˊ
祝,ㄓㄨˋ
祂,ㄊㄚ
祀,ㄙˋ
祇,"ㄑㄧˊ
ㄓˇ"
颱,ㄊㄞˊ
祉,ㄓˇ
祈,ㄑㄧˊ
慚,ㄘㄢˊ
謔,ㄋㄩㄝˋ
慘,ㄘㄢˇ
鎚,ㄔㄨㄟˊ
鎔,ㄖㄨㄥˊ
滴,ㄉㄧ
鎖,ㄙㄨㄛˇ
鎗,"ㄑㄧㄤ
ㄔㄥ"
嘿,"ㄏㄟ
ㄇㄛˋ"
苞,ㄅㄠ
苟,ㄍㄡˇ
燜,ㄇㄣˋ
褲,ㄎㄨˋ
鎮,ㄓㄣˋ
籌,ㄔㄡˊ
黨,ㄉㄤˇ
嫌,ㄒㄧㄢˊ
露,"ㄌㄨˋ
ㄌㄡˋ"
擇,ㄗㄜˊ
嫉,ㄐㄧˊ
霾,ㄇㄞˊ
癌,ㄞˊ
營,ㄧㄥˊ
嫂,ㄙㄠˇ
嫁,ㄐㄧㄚˋ
湯,ㄊㄤ
霧,ㄨˋ
蠟,ㄌㄚˋ
癒,ㄩˋ
嫗,ㄩˋ
霪,ㄧㄣˊ
蠕,ㄖㄨˊ
蠔,ㄏㄠˊ
霖,ㄌㄧㄣˊ
導,ㄉㄠˇ
癥,ㄓㄥ
癤,ㄐㄧㄝˊ
霓,ㄋㄧˊ
嫩,ㄋㄣˋ
霞,ㄒㄧㄚˊ
嫦,ㄔㄤˊ
霜,ㄕㄨㄤ
嫣,ㄧㄢ
癩,ㄌㄞˋ
霆,ㄊㄧㄥˊ
震,ㄓㄣˋ
霄,ㄒㄧㄠ
嫻,ㄒㄧㄢˊ
磨,"ㄇㄛˊ
ㄇㄛˋ"
需,ㄒㄩ
劃,"ㄏㄨㄚˋ
ㄏㄨㄚˊ"
百,ㄅㄞˇ
白,ㄅㄞˊ
發,ㄈㄚ
登,ㄉㄥ
蠶,ㄘㄢˊ
蠵,ㄒㄧ
癸,ㄍㄨㄟˇ
侵,ㄑㄧㄣ
倏,ㄕㄨˋ
倌,ㄍㄨㄢ
侶,ㄌㄩˇ
個,"ㄍㄜˋ
ㄍㄜˇ"
倉,ㄘㄤ
倆,"ㄌㄧㄤˇ
ㄌㄧㄚˇ"
橛,ㄐㄩㄝˊ
便,"ㄅㄧㄢˋ
ㄆㄧㄢˊ"
橙,ㄔㄥˊ
機,ㄐㄧ
借,ㄐㄧㄝˋ
鼕,ㄉㄨㄥ
倚,ㄧˇ
倘,ㄊㄤˇ
候,ㄏㄡˋ
倖,ㄒㄧㄥˋ
旨,ㄓˇ
侯,ㄏㄡˊ
侮,ㄨˇ
倒,"ㄉㄠˇ
ㄉㄠˋ"
們,ㄇㄣˊ
倪,ㄋㄧˊ
倫,ㄌㄨㄣˊ
倩,ㄑㄧㄢˋ
倦,ㄐㄩㄢˋ
摘,ㄓㄞ
供,"ㄍㄨㄥ
ㄍㄨㄥˋ"
倡,"ㄔㄤˋ
ㄔㄤ"
橢,ㄊㄨㄛˇ
值,ㄓˊ
來,ㄌㄞˊ
侃,ㄎㄢˇ
侍,ㄕˋ
橫,"ㄏㄥˊ
ㄏㄥˋ"
侏,ㄓㄨ
侈,ㄔˇ
例,ㄌㄧˋ
佛,"ㄈㄛˊ
ㄈㄨˊ"
濤,ㄊㄠˊ
湃,ㄆㄞˋ
濯,ㄓㄨㄛˊ
荐,ㄐㄧㄢˋ
厭,ㄧㄢˋ
荒,ㄏㄨㄤ
濫,ㄌㄢˋ
銀,ㄧㄣˊ
草,ㄘㄠˇ
荊,ㄐㄧㄥ
濾,ㄌㄩˋ
去,ㄑㄩˋ
濺,ㄐㄧㄢˋ
荼,"ㄊㄨˊ
ㄕㄨ"
厄,ㄜˋ
濁,ㄓㄨㄛˊ
礦,ㄎㄨㄤˋ
荻,ㄉㄧˊ
荷,"ㄏㄜˊ
ㄏㄜˋ"
荳,ㄉㄡˋ
濕,ㄕ
厘,ㄌㄧˊ
厚,ㄏㄡˋ
濟,"ㄐㄧˋ
ㄐㄧˇ"
濘,ㄋㄧㄥˋ
厝,ㄘㄨㄛˋ
原,ㄩㄢˊ
書,ㄕㄨ
曹,ㄘㄠˊ
曼,ㄇㄢˋ
咱,"ㄗㄚˊ
ㄗㄢˊ"
曾,"ㄗㄥ
ㄘㄥˊ"
咳,"ㄎㄜˊ
ㄏㄞ"
曰,ㄩㄝ
咽,"ㄧㄢ
ㄧㄢˋ
ㄧㄝˋ"
曲,"ㄑㄩ
ㄑㄩˇ"
曳,ㄧˋ
咸,ㄒㄧㄢˊ
咻,"ㄒㄧㄡ
ㄒㄩˇ"
咦,ㄧˊ
咬,ㄧㄠˇ
蝟,ㄨㄟˋ
隧,ㄙㄨㄟˋ
咯,"ㄎㄚˇ
ㄍㄜ
˙ㄌㄛ"
咩,ㄇㄧㄝ
咪,ㄇㄧ
咫,ㄓˇ
咕,ㄍㄨ
咖,ㄎㄚ
咐,ㄈㄨˋ
曝,ㄆㄨˋ
咒,ㄓㄡˋ
質,"ㄓˊ
ㄓˋ"
咚,ㄉㄨㄥ
喵,ㄇㄧㄠ
曉,ㄒㄧㄠˇ
咆,ㄆㄠˊ
咀,ㄐㄩˇ
和,"ㄏㄜˊ
ㄏㄢˋ
ㄏㄜˋ
ㄏㄨㄛˋ
ㄏㄨˊ
˙ㄏㄨㄛ"
咎,ㄐㄧㄡˋ
曆,ㄌㄧˋ
腿,ㄊㄨㄟˇ
鼴,ㄧㄢˇ
緊,ㄐㄧㄣˇ
族,ㄗㄨˊ
冶,ㄧㄝˇ
諫,ㄐㄧㄢˋ
緒,ㄒㄩˋ
緝,ㄑㄧˋ
槳,ㄐㄧㄤˇ
湘,ㄒㄧㄤ
線,ㄒㄧㄢˋ
緡,ㄇㄧㄣˊ
締,ㄉㄧˋ
緣,ㄩㄢˊ
埂,ㄍㄥˇ
緬,ㄇㄧㄢˇ
緯,ㄨㄟˇ
緩,ㄏㄨㄢˇ
編,ㄅㄧㄢ
練,ㄌㄧㄢˋ
險,ㄒㄧㄢˇ
癮,ㄧㄣˇ
修,ㄒㄧㄡ
緻,ㄓˋ
簧,ㄏㄨㄤˊ
行,"ㄒㄧㄥˊ
ㄒㄧㄥˋ
ㄏㄤˊ"
衍,ㄧㄢˇ
血,ㄒㄧㄝˇ
瘍,ㄧㄤˊ
瘋,ㄈㄥ
衙,ㄧㄚˊ
瘖,ㄧㄣ
衛,ㄨㄟˋ
衝,"ㄔㄨㄥ
ㄔㄨㄥˋ"
媚,ㄇㄟˋ
瘓,ㄏㄨㄢˋ
躁,ㄗㄠˋ
術,ㄕㄨˋ
腮,ㄙㄞ
媒,ㄇㄟˊ
街,ㄐㄧㄝ
表,ㄅㄧㄠˇ
瘦,ㄕㄡˋ
衫,ㄕㄢ
瘠,ㄐㄧˊ
瘡,ㄔㄨㄤ
簽,ㄑㄧㄢ
膿,ㄋㄨㄥˊ
衡,ㄏㄥˊ
媧,ㄨㄚ
嚷,ㄖㄤˇ
城,ㄔㄥˊ
媽,ㄇㄚ
簿,ㄅㄨˋ
衰,"ㄕㄨㄞ
ㄘㄨㄟ"
簸,"ㄅㄛˇ
ㄅㄛˋ"
媲,ㄆㄧˋ
媳,ㄒㄧˊ
賢,ㄒㄧㄢˊ
窟,ㄎㄨ
賠,ㄆㄟˊ
賦,ㄈㄨˋ
窘,ㄐㄩㄥˇ
窖,ㄐㄧㄠˋ
窗,ㄔㄨㄤ
窕,ㄊㄧㄠˇ
窒,ㄓˋ
俘,ㄈㄨˊ
賬,ㄓㄤˋ
賭,ㄉㄨˇ
鄧,ㄉㄥˋ
窈,ㄧㄠˇ
賺,ㄓㄨㄢˋ
窄,ㄓㄞˇ
購,ㄍㄡˋ
突,ㄊㄨˊ
賂,ㄌㄨˋ
窿,ㄌㄨㄥˊ
賀,ㄏㄜˋ
窺,ㄎㄨㄟ
資,ㄗ
賄,ㄏㄨㄟˋ
賅,ㄍㄞ
賊,ㄗㄟˊ
賈,"ㄐㄧㄚˇ
ㄍㄨˇ"
做,ㄗㄨㄛˋ
窮,ㄑㄩㄥˊ
賓,ㄅㄧㄣ
賑,ㄓㄣˋ
窪,ㄨㄚ
窩,ㄨㄛ
賞,ㄕㄤˇ
俐,ㄌㄧˋ
賜,ㄙˋ
玲,ㄌㄧㄥˊ
俑,ㄩㄥˇ
蟲,ㄔㄨㄥˊ
玷,ㄉㄧㄢˋ
蟾,ㄔㄢˊ
玻,ㄅㄛ
諭,ㄩˋ
弱,ㄖㄨㄛˋ
強,"ㄑㄧㄤˊ
ㄑㄧㄤˇ
ㄐㄧㄤˋ"
張,ㄓㄤ
弩,ㄋㄨˇ
蟠,ㄆㄢˊ
玫,ㄇㄟˊ
蟬,ㄔㄢˊ
玩,ㄨㄢˊ
弦,ㄒㄧㄢˊ
弧,ㄏㄨˊ
弛,ㄔˊ
弘,ㄏㄨㄥˊ
玖,ㄐㄧㄡˇ
弟,ㄉㄧˋ
槍,ㄑㄧㄤ
弓,ㄍㄨㄥ
螳,ㄊㄤˊ
弗,ㄈㄨˊ
弔,ㄉㄧㄠˋ
引,ㄧㄣˇ
弊,ㄅㄧˋ
蟄,ㄓˊ
率,"ㄕㄨㄞˋ
ㄌㄩˋ"
玄,ㄒㄩㄢˊ
王,"ㄨㄤˊ
ㄨㄤˋ"
玉,ㄩˋ
弇,ㄧㄢˇ
弄,"ㄋㄨㄥˋ
ㄌㄨㄥˋ"
潺,ㄔㄢˊ
隱,ㄧㄣˇ
纏,ㄔㄢˊ
塹,ㄑㄧㄢˋ
鍵,ㄐㄧㄢˋ
殮,ㄌㄧㄢˋ
欖,ㄌㄢˇ
鍾,ㄓㄨㄥ
燉,ㄉㄨㄣˋ
鍋,ㄍㄨㄛ
鍊,ㄌㄧㄢˋ
鍍,ㄉㄨˋ
均,ㄐㄩㄣ
權,ㄑㄩㄢˊ
飢,ㄐㄧ
鍘,ㄓㄚˊ
鍛,ㄉㄨㄢˋ
額,ㄜˊ
綁,ㄅㄤˇ
磯,ㄐㄧ
綜,ㄗㄨㄥˋ
經,ㄐㄧㄥ
綑,ㄎㄨㄣˇ
默,ㄇㄛˋ
筍,ㄙㄨㄣˇ
維,ㄨㄟˊ
綢,ㄔㄡˊ
養,"ㄧㄤˇ
ㄧㄤˋ"
綠,ㄌㄩˋ
遏,ㄜˋ
欄,ㄌㄢˊ
綺,ㄑㄧˇ
綻,ㄓㄢˋ
綸,"ㄌㄨㄣˊ
ㄍㄨㄢ"
漪,ㄧ
綿,ㄇㄧㄢˊ
綽,ㄔㄨㄛˋ
網,ㄨㄤˇ
綱,ㄍㄤ
濃,ㄋㄨㄥˊ
綴,ㄓㄨㄟˋ
綵,ㄘㄞˇ
俺,ㄢˇ
殖,ㄓˊ
俸,ㄈㄥˋ
埕,ㄔㄥˊ
埔,ㄆㄨˇ
俱,ㄐㄩˋ
域,ㄩˋ
坷,ㄎㄜˇ
瀏,ㄌㄧㄡˊ
殘,ㄘㄢˊ
埃,ㄞ
殆,ㄉㄞˋ
也,ㄧㄝˇ
殃,ㄧㄤ
俯,ㄈㄨˇ
埋,"ㄇㄞˊ
ㄇㄢˊ"
乘,"ㄔㄥˊ
ㄕㄥˋ"
俠,ㄒㄧㄚˊ
信,ㄒㄧㄣˋ
殊,ㄕㄨ
殉,ㄒㄩㄣˋ
殷,"ㄧㄣ
ㄧㄢ"
段,ㄉㄨㄢˋ
執,ㄓˊ
保,ㄅㄠˇ
殿,ㄉㄧㄢˋ
基,ㄐㄧ
培,ㄆㄟˊ
殼,ㄎㄜˊ
殺,"ㄕㄚ
ㄕㄚˋ"
俊,ㄐㄩㄣˋ
埡,ㄧㄚˋ
埠,ㄅㄨˋ
俎,ㄗㄨˇ
俏,ㄑㄧㄠˋ
係,ㄒㄧˋ
促,ㄘㄨˋ
飴,ㄧˊ
殫,ㄉㄢ
俄,ㄜˊ
披,ㄆㄧ
題,ㄊㄧˊ
顏,ㄧㄢˊ
顎,ㄜˋ
顛,ㄉㄧㄢ
抬,ㄊㄞˊ
示,ㄕˋ
顆,ㄎㄜ
社,ㄕㄜˋ
礴,ㄅㄛˊ
抹,"ㄇㄛˇ
ㄇㄛˋ"
類,ㄌㄟˋ
願,ㄩㄢˋ
抽,ㄔㄡ
押,ㄧㄚ
抱,ㄅㄠˋ
礫,ㄌㄧˋ
輕,ㄑㄧㄥ
抵,ㄉㄧˇ
把,"ㄅㄚˇ
ㄅㄚˋ"
抉,ㄐㄩㄝˊ
輔,ㄈㄨˇ
顫,ㄓㄢˋ
坤,ㄎㄨㄣ
礙,ㄞˋ
顧,ㄍㄨˋ
技,ㄐㄧˋ
抄,ㄔㄠ
傍,"ㄅㄤˋ
ㄅㄤ
ㄆㄤˊ"
礁,ㄐㄧㄠ
折,"ㄓㄜˊ
ㄕㄜˊ
ㄓㄜ"
抓,ㄓㄨㄚ
抒,ㄕㄨ
抑,ㄧˋ
抗,ㄎㄤˋ
抖,ㄉㄡˇ
投,ㄊㄡˊ
呻,ㄕㄣ
鱖,ㄍㄨㄟˋ
命,ㄇㄧㄥˋ
呼,ㄏㄨ
蠣,ㄌㄧˋ
呱,"ㄍㄨ
ㄍㄨㄚ"
味,ㄨㄟˋ
之,ㄓ
呵,"ㄏㄜ
ㄛ"
顯,ㄒㄧㄢˇ
昭,ㄓㄠ
周,ㄓㄡ
是,ㄕˋ
籲,ㄩˋ
昨,ㄗㄨㄛˊ
欠,ㄑㄧㄢˋ
春,ㄔㄨㄣ
昧,ㄇㄟˋ
呢,"ㄋㄧˊ
˙ㄋㄜ"
映,ㄧㄥˋ
啪,ㄆㄚ
鷸,ㄩˋ
星,ㄒㄧㄥ
昔,ㄒㄧˊ
鱗,ㄌㄧㄣˊ
易,ㄧˋ
鷗,ㄡ
呈,ㄔㄥˊ
昏,ㄏㄨㄣ
告,ㄍㄠˋ
呀,"ㄧㄚ
˙ㄧㄚ"
呃,ㄜˋ
呂,ㄌㄩˇ
呆,ㄉㄞ
沃,ㄨㄛˋ
沁,ㄑㄧㄣˋ
錢,ㄑㄧㄢˊ
銷,ㄒㄧㄠ
漣,ㄌㄧㄢˊ
錮,ㄍㄨˋ
錯,ㄘㄨㄛˋ
沉,ㄔㄣˊ
沈,ㄕㄣˇ
沏,ㄑㄧ
錫,ㄒㄧˊ
錨,ㄇㄠˊ
沌,ㄉㄨㄣˋ
沓,ㄊㄚˋ
沒,"ㄇㄛˋ
ㄇㄟˊ"
沐,ㄇㄨˋ
沖,ㄔㄨㄥ
暢,ㄔㄤˋ
沛,ㄆㄟˋ
沙,ㄕㄚ
錄,ㄌㄨˋ
尿,ㄋㄧㄠˋ
藍,ㄌㄢˊ
迫,ㄆㄛˋ
沫,ㄇㄛˋ
沮,"ㄐㄩˇ
ㄐㄩ"
河,ㄏㄜˊ
沱,ㄊㄨㄛˊ
錐,ㄓㄨㄟ
治,ㄓˋ
騎,ㄑㄧˊ
油,ㄧㄡˊ
沸,ㄈㄟˋ
沿,ㄧㄢˊ
沾,ㄓㄢ
沽,ㄍㄨ
沼,ㄓㄠˇ
袍,ㄆㄠˊ
盈,ㄧㄥˊ
益,ㄧˋ
袋,ㄉㄞˋ
盎,ㄤˋ
盃,ㄅㄟ
盂,ㄩˊ
袁,ㄩㄢˊ
盆,ㄆㄣˊ
盛,"ㄕㄥˋ
ㄔㄥˊ"
盜,ㄉㄠˋ
盟,ㄇㄥˊ
盞,ㄓㄢˇ
婉,ㄨㄢˇ
盒,ㄏㄜˊ
盔,ㄎㄨㄟ
袒,ㄊㄢˇ
盪,ㄉㄤˋ
婷,ㄊㄧㄥˊ
目,ㄇㄨˋ
盡,ㄐㄧㄣˋ
顱,ㄌㄨˊ
監,"ㄐㄧㄢ
ㄐㄧㄢˋ"
婺,ㄨˋ
盤,ㄆㄢˊ
婿,ㄒㄩˋ
盹,ㄉㄨㄣˇ
相,"ㄒㄧㄤ
ㄒㄧㄤˋ"
婢,ㄅㄧˋ
盼,ㄆㄢˋ
盾,ㄉㄨㄣˋ
魏,ㄨㄟˋ
婪,ㄌㄢˊ
袱,ㄈㄨˊ
直,ㄓˊ
痰,ㄊㄢˊ
漩,ㄒㄩㄢˊ
漫,ㄇㄢˋ
卦,ㄍㄨㄚˋ
卡,"ㄎㄚˇ
ㄑㄧㄚˇ"
占,"ㄓㄢ
ㄓㄢˋ"
漠,ㄇㄛˋ
卯,ㄇㄠˇ
趾,ㄓˇ
鷥,ㄙ
卵,ㄌㄨㄢˇ
漸,ㄐㄧㄢˋ
卷,"ㄐㄩㄢˋ
ㄐㄩㄢˇ
ㄑㄩㄢˊ"
危,ㄨㄟˊ
印,ㄧㄣˋ
即,ㄐㄧˊ
漾,ㄧㄤˋ
漱,ㄕㄨˋ
卿,ㄑㄧㄥ
漲,"ㄓㄤˋ
ㄓㄤˇ"
莽,ㄇㄤˇ
卸,ㄒㄧㄝˋ
卻,ㄑㄩㄝˋ
卅,ㄙㄚˋ
升,ㄕㄥ
鼾,ㄏㄢ
十,ㄕˊ
區,"ㄑㄩ
ㄡ"
千,ㄑㄧㄢ
罪,ㄗㄨㄟˋ
莉,ㄌㄧˋ
音,ㄧㄣ
莊,ㄓㄨㄤ
卉,ㄏㄨㄟˋ
罩,ㄓㄠˋ
莎,"ㄕㄚ
ㄙㄨㄛ"
協,ㄒㄧㄝˊ
莓,ㄇㄟˊ
暈,"ㄩㄣ
ㄩㄣˋ"
卑,ㄅㄟ
卓,ㄓㄨㄛˊ
莖,ㄐㄧㄥ
卜,ㄅㄨˇ
漓,ㄌㄧˊ
演,ㄧㄢˇ
博,ㄅㄛˊ
廿,ㄋㄧㄢˋ
牴,ㄉㄧˇ
懿,ㄧˋ
建,ㄐㄧㄢˋ
落,"ㄌㄨㄛˋ
ㄌㄠˋ
ㄌㄚˋ"
廷,ㄊㄧㄥˊ
延,ㄧㄢˊ
牽,ㄑㄧㄢ
廳,ㄊㄧㄥ
特,ㄊㄜˋ
牧,ㄇㄨˋ
宣,ㄒㄩㄢ
牢,ㄌㄠˊ
牡,ㄇㄨˇ
牠,ㄊㄚ
韋,ㄨㄟˊ
習,ㄒㄧˊ
廣,ㄍㄨㄤˇ
廢,ㄈㄟˋ
物,ㄨˋ
廠,ㄔㄤˇ
廟,ㄇㄧㄠˋ
廝,ㄙ
廚,ㄔㄨˊ
牟,ㄇㄡˊ
廖,ㄌㄧㄠˋ
牛,ㄋㄧㄡˊ
牙,ㄧㄚˊ
片,ㄆㄧㄢˋ
萊,ㄌㄞˊ
萎,ㄨㄟ
萍,ㄆㄧㄥˊ
廈,ㄒㄧㄚˋ
萃,ㄘㄨㄟˋ
暄,ㄒㄩㄢ
廂,ㄒㄧㄤ
廁,ㄘㄜˋ
萄,ㄊㄠˊ
吾,ㄨˊ
吼,ㄏㄡˇ
爵,ㄐㄩㄝˊ
吻,ㄨㄣˇ
吸,ㄒㄧ
吹,ㄔㄨㄟ
吶,ㄋㄚˋ
鐮,ㄌㄧㄢˊ
吵,ㄔㄠˇ
吳,ㄨˊ
吱,ㄓ
鶴,ㄏㄜˋ
吭,"ㄏㄤˊ
ㄎㄥ"
含,ㄏㄢˊ
吩,ㄈㄣ
否,"ㄈㄡˇ
ㄆㄧˇ"
吧,"ㄅㄚ
˙ㄅㄚ"
吠,ㄈㄟˋ
瞇,ㄇㄧ
吞,ㄊㄨㄣ
吟,ㄧㄣˊ
歌,ㄍㄜ
吝,ㄌㄧㄣˋ
君,ㄐㄩㄣ
吔,˙ㄧㄝ
閃,ㄕㄢˇ
吒,ㄓㄚˋ
鶉,ㄔㄨㄣˊ
吐,"ㄊㄨˇ
ㄊㄨˋ"
向,ㄒㄧㄤˋ
后,ㄏㄡˋ
吏,ㄌㄧˋ
同,ㄊㄨㄥˊ
名,ㄇㄧㄥˊ
吊,ㄉㄧㄠˋ
鷹,ㄧㄥ
合,"ㄏㄜˊ
ㄍㄜˇ"
吉,ㄐㄧˊ
吆,ㄧㄠ
宴,ㄧㄢˋ
各,"ㄍㄜˋ
ㄍㄜˇ"
吃,"ㄔ
ㄐㄧˊ"
吁,ㄒㄩ
時,ㄕˊ
晃,"ㄏㄨㄤˇ
ㄏㄨㄤˋ"
籍,ㄐㄧˊ
晁,ㄔㄠˊ
翼,ㄧˋ
晉,ㄐㄧㄣˋ
籃,ㄌㄢˊ
晏,ㄧㄢˋ
晌,ㄕㄤˇ
晒,ㄕㄞˋ
淪,ㄌㄨㄣˊ
晚,ㄨㄢˇ
翹,"ㄑㄧㄠˊ
ㄑㄧㄠˋ"
健,ㄐㄧㄢˋ
晝,ㄓㄡˋ
籮,ㄌㄨㄛˊ
籬,ㄌㄧˊ
晦,ㄏㄨㄟˋ
翻,ㄈㄢ
晤,ㄨˋ
嬛,"ㄒㄩㄢ
ㄏㄨㄢˊ"
晨,ㄔㄣˊ
籤,ㄑㄧㄢ
普,ㄆㄨˇ
景,ㄐㄧㄥˇ
籠,ㄌㄨㄥˊ
壩,ㄅㄚˋ
晰,ㄒㄧ
晶,ㄐㄧㄥ
晷,ㄍㄨㄟˇ
晴,ㄑㄧㄥˊ
智,ㄓˋ
晾,ㄌㄧㄤˋ
酉,ㄧㄡˇ
鴻,ㄏㄨㄥˊ
畢,ㄅㄧˋ
畦,ㄑㄧˊ
略,ㄌㄩㄝˋ
畫,ㄏㄨㄚˋ
番,ㄈㄢ
靦,"ㄇㄧㄢˇ
ㄊㄧㄢˇ"
異,ㄧˋ
當,"ㄉㄤ
ㄉㄤˋ
ㄉㄤˇ"
靨,ㄧㄝˋ
畸,ㄐㄧ
贅,ㄓㄨㄟˋ
昌,ㄔㄤ
贏,ㄧㄥˊ
箕,ㄐㄧ
畏,ㄨㄟˋ
贊,ㄗㄢˋ
界,ㄐㄧㄝˋ
贖,ㄕㄨˊ
明,ㄇㄧㄥˊ
贓,ㄗㄤ
畔,ㄆㄢˋ
輒,ㄓㄜˊ
畚,ㄅㄣˇ
留,ㄌㄧㄡˊ
畝,ㄇㄨˇ
畜,"ㄔㄨˋ
ㄒㄩˋ"
頒,ㄅㄢ
頓,"ㄉㄨㄣˋ
ㄉㄨˊ"
預,ㄩˋ
批,ㄆㄧ
括,ㄍㄨㄚ
拭,ㄕˋ
拮,ㄐㄧㄝˊ
拯,ㄓㄥˇ
領,ㄌㄧㄥˇ
移,ㄧˊ
香,ㄒㄧㄤ
頂,ㄉㄧㄥˇ
秤,"ㄆㄧㄥˊ
ㄔㄥˋ"
秧,ㄧㄤ
梁,ㄌㄧㄤˊ
順,ㄕㄨㄣˋ
拾,ㄕˊ
拿,ㄋㄚˊ
拱,ㄍㄨㄥˇ
須,ㄒㄩ
拳,ㄑㄩㄢˊ
秩,ㄓˋ
昇,ㄕㄥ
頌,ㄙㄨㄥˋ
拷,ㄎㄠˇ
拈,"ㄋㄧㄢˊ
ㄋㄧㄢˇ"
拉,ㄌㄚ
頰,ㄐㄧㄚˊ
拋,ㄆㄠ
科,ㄎㄜ
拍,ㄆㄞ
拎,ㄌㄧㄥ
秒,ㄇㄧㄠˇ
頻,ㄆㄧㄣˊ
租,ㄗㄨ
瞥,ㄆㄧㄝ
拄,ㄓㄨˇ
秘,"ㄇㄧˋ
ㄅㄧˋ"
拆,ㄔㄞ
拇,ㄇㄨˇ
拘,ㄐㄩ
拙,ㄓㄨㄛˊ
拚,ㄆㄢˋ
招,ㄓㄠ
拜,ㄅㄞˋ
秀,ㄒㄧㄡˋ
頤,ㄧˊ
拐,ㄍㄨㄞˇ
拑,ㄑㄧㄢˊ
拒,ㄐㄩˋ
拓,"ㄊㄨㄛˋ
ㄊㄚˋ"
秉,ㄅㄧㄥˇ
秋,ㄑㄧㄡ
頭,"ㄊㄡˊ
˙ㄊㄡ"
錦,ㄐㄧㄣˇ
父,ㄈㄨˋ
庸,ㄩㄥ
爽,ㄕㄨㄤˇ
庶,ㄕㄨˋ
康,ㄎㄤ
爸,ㄅㄚˋ
葵,ㄎㄨㄟˊ
爺,ㄧㄝˊ
庭,ㄊㄧㄥˊ
葫,ㄏㄨˊ
葬,ㄗㄤˋ
瞬,ㄕㄨㄣˋ
庫,ㄎㄨˋ
爬,ㄆㄚˊ
葡,ㄆㄨˊ
度,"ㄉㄨˋ
ㄉㄨㄛˋ"
座,ㄗㄨㄛˋ
庠,ㄒㄧㄤˊ
葦,ㄨㄟˇ
府,ㄈㄨˇ
葚,ㄕㄣˋ
葛,"ㄍㄜˊ
ㄍㄜˇ"
爐,ㄌㄨˊ
庚,ㄍㄥ
瑞,ㄖㄨㄟˋ
底,ㄉㄧˇ
店,ㄉㄧㄢˋ
嬸,ㄕㄣˇ
著,"ㄓㄨˋ
ㄓㄨㄛˊ
ㄓㄠˊ
ㄓㄠ
˙ㄓㄜ"
蟑,ㄓㄤ
葉,ㄧㄝˋ
爆,ㄅㄠˋ
言,ㄧㄢˊ
床,ㄔㄨㄤˊ
庄,ㄓㄨㄤ
爍,ㄕㄨㄛˋ
庇,ㄅㄧˋ
葆,ㄅㄠˇ
閱,ㄩㄝˋ
況,ㄎㄨㄤˋ
部,ㄅㄨˋ
泄,ㄒㄧㄝˋ
郭,ㄍㄨㄛ
泉,ㄑㄩㄢˊ
郡,ㄐㄩㄣˋ
諍,ㄓㄥ
泌,ㄇㄧˋ
瀑,ㄆㄨˋ
箱,ㄒㄧㄤ
法,"ㄈㄚˇ
ㄈㄚˊ"
都,"ㄉㄡ
ㄉㄨ"
靈,ㄌㄧㄥˊ
泛,ㄈㄢˋ
郵,ㄧㄡˊ
郊,ㄐㄧㄠ
波,ㄅㄛ
泣,ㄑㄧˋ
泥,"ㄋㄧˊ
ㄋㄧˋ"
注,ㄓㄨˋ
郁,ㄩˋ
爹,ㄉㄧㄝ
緞,ㄉㄨㄢˋ
泰,ㄊㄞˋ
泳,ㄩㄥˇ
郝,ㄏㄠˇ
閻,ㄧㄢˊ
錳,ㄇㄥˇ
比,"ㄅㄧˇ
ㄅㄧˋ"
餞,ㄐㄧㄢˋ
然,ㄖㄢˊ
主,ㄓㄨˇ
丹,ㄉㄢ
丸,ㄨㄢˊ
串,ㄔㄨㄢˋ
丰,ㄈㄥ
毅,ㄧˋ
垃,ㄌㄜˋ
丫,ㄧㄚ
棟,ㄉㄨㄥˋ
母,ㄇㄨˇ
每,ㄇㄟˇ
瀆,ㄉㄨˊ
毋,ㄨˊ
丟,ㄉㄧㄡ
丞,ㄔㄥˊ
丙,ㄅㄧㄥˇ
丘,ㄑㄧㄡ
毽,ㄐㄧㄢˋ
且,ㄑㄧㄝˇ
丑,ㄔㄡˇ
丐,ㄍㄞˋ
垠,ㄧㄣˊ
豐,ㄈㄥ
不,ㄅㄨˋ
垣,ㄩㄢˊ
下,ㄒㄧㄚˋ
上,"ㄕㄤˋ
ㄕㄤˇ"
三,ㄙㄢ
丈,ㄓㄤˋ
毬,ㄑㄧㄡˊ
毯,ㄊㄢˇ
七,ㄑㄧ
垮,ㄎㄨㄚˇ
毫,ㄏㄠˊ
匪,ㄈㄟˇ
潭,ㄊㄢˊ
匯,ㄏㄨㄟˋ
菠,ㄅㄛ
墅,ㄕㄨˋ
潦,"ㄌㄧㄠˊ
ㄌㄠˋ"
匠,ㄐㄧㄤˋ
潢,ㄏㄨㄤˊ
菫,ㄐㄧㄣˇ
菩,ㄆㄨˊ
匹,"ㄆㄧˇ
ㄆㄧ"
匾,ㄅㄧㄢˇ
匿,ㄋㄧˋ
哎,ㄞ
匱,"ㄎㄨㄟˋ
ㄍㄨㄟˋ"
扈,ㄏㄨˋ
菸,ㄧㄢ
菇,ㄍㄨ
匈,ㄒㄩㄥ
匍,ㄆㄨˊ
馨,ㄒㄧㄣ
菌,ㄐㄩㄣˋ
菊,ㄐㄩˊ
包,ㄅㄠ
菖,ㄔㄤ
匙,"ㄔˊ
˙ㄕ"
潛,ㄑㄧㄢˊ
潘,ㄆㄢ
菟,ㄊㄨˋ
匐,ㄈㄨˊ
化,"ㄏㄨㄚˋ
ㄏㄨㄚ"
北,ㄅㄟˇ
潑,ㄆㄛ
駕,ㄐㄧㄚˋ
禹,ㄩˇ
禾,ㄏㄜˊ
禿,ㄊㄨ
禽,ㄑㄧㄣˊ
駟,ㄙˋ
駝,ㄊㄨㄛˊ
禱,ㄉㄠˇ
駛,ㄕˇ
邪,"ㄒㄧㄝˊ
ㄧㄝˊ"
駙,ㄈㄨˋ
禪,"ㄔㄢˊ
ㄕㄢˋ"
房,ㄈㄤˊ
評,ㄆㄧㄥˊ
禮,ㄌㄧˇ
墊,ㄉㄧㄢˋ
駁,ㄅㄛˊ
豁,"ㄏㄨㄛˋ
ㄏㄨㄚˊ"
戴,ㄉㄞˋ
戶,ㄏㄨˋ
禦,ㄩˋ
戰,ㄓㄢˋ
戳,ㄔㄨㄛ
戲,ㄒㄧˋ
戌,ㄒㄩ
戈,ㄍㄜ
駱,ㄌㄨㄛˋ
戊,ㄨˋ
駿,ㄐㄩㄣˋ
戀,ㄌㄧㄢˋ
禎,ㄓㄣ
福,ㄈㄨˊ
戚,ㄑㄧ
戕,ㄑㄧㄤˊ
潔,ㄐㄧㄝˊ
駭,ㄏㄞˋ
或,ㄏㄨㄛˋ
我,ㄨㄛˇ
堤,ㄊㄧˊ
戒,ㄐㄧㄝˋ
斕,ㄌㄢˊ
鵪,ㄢ
鵬,ㄆㄥˊ
鵡,ㄨˇ
語,ㄩˇ
初,ㄔㄨ
膠,ㄐㄧㄠ
鵰,ㄉㄧㄠ
鵲,ㄑㄩㄝˋ
稱,"ㄔㄥ
ㄔㄥˋ"
墟,ㄒㄩ
讀,"ㄉㄨˊ
ㄉㄡˋ"
鵝,ㄜˊ
錘,ㄔㄨㄟˊ
鵑,ㄐㄩㄢ
幕,ㄇㄨˋ
皎,ㄐㄧㄠˇ
鑼,ㄌㄨㄛˊ
鑿,ㄗㄠˊ
麴,ㄑㄩˊ
娓,ㄨㄟˇ
裔,ㄧˋ
裕,ㄩˋ
皆,ㄐㄧㄝ
皇,ㄏㄨㄤˊ
娜,"ㄋㄨㄛˊ
ㄋㄚˋ"
裙,ㄑㄩㄣˊ
皂,ㄗㄠˋ
娛,ㄩˊ
補,ㄅㄨˇ
裝,ㄓㄨㄤ
裂,ㄌㄧㄝˋ
鼻,ㄅㄧˊ
裁,ㄘㄞˊ
皚,ㄞˊ
娃,ㄨㄚˊ
威,ㄨㄟ
皓,ㄏㄠˋ
鑣,ㄅㄧㄠ
娶,ㄑㄩˇ
裳,"ㄔㄤˊ
˙ㄕㄤ"
裸,ㄌㄨㄛˇ
裹,ㄍㄨㄛˇ
鑑,ㄐㄧㄢˋ
製,ㄓˋ
皿,ㄇㄧㄣˇ
娥,ㄜˊ
皺,ㄓㄡˋ
炸,"ㄓㄚˋ
ㄓㄚˊ"
豬,ㄓㄨ
昱,ㄩˋ
赤,ㄔˋ
赦,ㄕㄜˋ
婚,ㄏㄨㄣ
甥,ㄕㄥ
甦,ㄙㄨ
用,ㄩㄥˋ
甩,ㄕㄨㄞˇ
甫,ㄈㄨˇ
幣,ㄅㄧˋ
赫,ㄏㄜˋ
赴,ㄈㄨˋ
由,ㄧㄡˊ
甲,ㄐㄧㄚˇ
起,ㄑㄧˇ
走,ㄗㄡˇ
歷,ㄌㄧˋ
男,ㄋㄢˊ
甸,ㄉㄧㄢˋ
町,ㄉㄧㄥ
甄,ㄓㄣ
褪,ㄊㄨㄣˋ
邏,ㄌㄨㄛˊ
炎,ㄧㄢˊ
甕,ㄨㄥˋ
甘,ㄍㄢ
甚,"ㄕㄣˋ
ㄕㄣˊ"
寮,ㄌㄧㄠˊ
甜,ㄊㄧㄢˊ
幫,ㄅㄤ
生,ㄕㄥ
梳,ㄕㄨ
械,ㄒㄧㄝˋ
梵,ㄈㄢˋ
堂,ㄊㄤˊ
婆,ㄆㄛˊ
勢,ㄕˋ
勿,ㄨˋ
梢,ㄕㄠ
耿,ㄍㄥˇ
勺,ㄕㄠˊ
耽,ㄉㄢ
勸,ㄑㄩㄢˋ
耳,ㄦˇ
勵,ㄌㄧˋ
梨,ㄌㄧˊ
梯,ㄊㄧ
耶,ㄧㄝˊ
梭,ㄙㄨㄛ
梓,ㄗˇ
袖,ㄒㄧㄡˋ
梗,ㄍㄥˇ
澡,ㄗㄠˇ
勉,ㄇㄧㄢˇ
而,ㄦˊ
考,ㄎㄠˇ
兌,ㄉㄨㄟˋ
老,ㄌㄠˇ
耀,ㄧㄠˋ
勃,ㄅㄛˊ
條,ㄊㄧㄠˊ
諧,ㄒㄧㄝˊ
募,ㄇㄨˋ
勞,"ㄌㄠˊ
ㄌㄠˋ"
勝,"ㄕㄥˋ
ㄕㄥ"
耘,ㄩㄣˊ
勛,ㄒㄩㄣ
梅,ㄇㄟˊ
耜,ㄙˋ
耒,ㄌㄟˇ
動,ㄉㄨㄥˋ
耐,ㄋㄞˋ
耗,ㄏㄠˋ
勒,"ㄌㄜˋ
ㄌㄟ"
耕,ㄍㄥ
狹,ㄒㄧㄚˊ
狸,ㄌㄧˊ
蒿,ㄏㄠ
狽,ㄅㄟˋ
狼,ㄌㄤˊ
蒲,ㄆㄨˊ
狩,ㄕㄡˋ
邐,ㄌㄧˇ
幸,ㄒㄧㄥˋ
狡,ㄐㄧㄠˇ
狠,ㄏㄣˇ
漆,ㄑㄧ
蒜,ㄙㄨㄢˋ
蒙,ㄇㄥˊ
盯,ㄉㄧㄥ
惡,"ㄜˋ
ㄨˋ
ㄨ"
狐,ㄏㄨˊ
蒐,ㄙㄡ
狗,ㄍㄡˇ
永,ㄩㄥˇ
璞,ㄆㄨˊ
狀,ㄓㄨㄤˋ
狂,ㄎㄨㄤˊ
狄,ㄉㄧˊ
蒂,ㄉㄧˋ
枇,ㄆㄧˊ
簍,ㄌㄡˇ
澱,ㄉㄧㄢˋ
煒,ㄨㄟˇ
簇,ㄘㄨˋ
鉗,ㄑㄧㄢˊ
枉,ㄨㄤˇ
林,ㄌㄧㄣˊ
枕,"ㄓㄣˇ
ㄓㄣˋ"
艋,ㄇㄥˇ
枒,ㄧㄚˊ
析,ㄒㄧ
枝,ㄓ
果,ㄍㄨㄛˇ
枚,ㄇㄟˊ
疇,ㄔㄡˊ
茄,"ㄑㄧㄝˊ
ㄐㄧㄚ"
簫,ㄒㄧㄠ
枯,ㄎㄨ
釀,ㄋㄧㄤˋ
褐,ㄏㄜˊ
簡,ㄐㄧㄢˇ
枷,ㄐㄧㄚ
架,ㄐㄧㄚˋ
簾,ㄌㄧㄢˊ
枴,ㄍㄨㄞˇ
枳,ㄓˇ
澹,ㄉㄢˋ
簷,ㄧㄢˊ
姑,ㄍㄨ
枸,ㄍㄡˇ
黃,ㄏㄨㄤˊ
乾,"ㄍㄢ
ㄑㄧㄢˊ"
坑,ㄎㄥ
坐,ㄗㄨㄛˋ
嶸,ㄖㄨㄥˊ
&153141.gif;,ㄍㄨˇ
婦,ㄈㄨˋ
黏,ㄋㄧㄢˊ
黎,ㄌㄧˊ
黍,ㄕㄨˇ
乳,ㄖㄨˇ
黑,ㄏㄟ
澄,ㄔㄥˊ
驢,ㄌㄩˊ
址,ㄓˇ
黛,ㄉㄞˋ
坏,ㄆㄟˊ
坎,ㄎㄢˇ
點,ㄉㄧㄢˇ
黝,ㄧㄡˇ
坊,"ㄈㄤ
ㄈㄤˊ"
欸,"ㄞˇ
ㄟˋ"
乞,ㄑㄧˇ
欺,ㄑㄧ
欽,ㄑㄧㄣ
乙,ㄧˇ
款,ㄎㄨㄢˇ
坼,ㄔㄜˋ
乖,ㄍㄨㄞ
欲,ㄩˋ
黯,ㄢˋ
乒,ㄆㄧㄥ
乓,ㄆㄤ
乍,ㄓㄚˋ
乎,ㄏㄨ
乏,ㄈㄚˊ
么,ㄧㄠ
蘸,ㄓㄢˋ
茶,ㄔㄚˊ
次,ㄘˋ
久,ㄐㄧㄡˇ
欣,ㄒㄧㄣ
茵,ㄧㄣ
坪,ㄆㄧㄥˊ
趨,ㄑㄩ
又,ㄧㄡˋ
痠,ㄙㄨㄢ
痢,ㄌㄧˋ
趣,ㄑㄩˋ
痴,ㄔ
莢,ㄐㄧㄚˊ
茱,ㄓㄨ
痲,ㄇㄚˊ
足,ㄗㄨˊ
趴,ㄆㄚ
痺,ㄅㄧˋ
病,ㄅㄧㄥˋ
症,ㄓㄥˋ
越,ㄩㄝˋ
趁,ㄔㄣˋ
超,ㄔㄠ
軟,ㄖㄨㄢˇ
痊,ㄑㄩㄢˊ
痕,ㄏㄣˊ
鐳,ㄌㄟˊ
趟,ㄊㄤˋ
鐵,ㄊㄧㄝˇ
鐺,"ㄉㄤ
ㄔㄥ"
茫,ㄇㄤˊ
趕,ㄍㄢˇ
痘,ㄉㄡˋ
痛,ㄊㄨㄥˋ
首,ㄕㄡˇ
硼,ㄆㄥˊ
扶,ㄈㄨˊ
褶,ㄓㄜˊ
叔,ㄕㄨˊ
找,ㄓㄠˇ
承,ㄔㄥˊ
扼,ㄜˋ
硯,ㄧㄢˋ
扣,ㄎㄡˋ
硬,ㄧㄥˋ
硫,ㄌㄧㄡˊ
鋼,ㄍㄤ
扮,ㄅㄢˋ
扯,ㄔㄜˇ
扭,ㄋㄧㄡˇ
扒,"ㄆㄚˊ
ㄅㄚ"
打,ㄉㄚˇ
硝,ㄒㄧㄠ
馱,ㄊㄨㄛˊ
扔,ㄖㄥ
馳,ㄔˊ
扛,"ㄎㄤˊ
ㄍㄤ"
托,ㄊㄨㄛ
硓,ㄌㄠˇ
漳,ㄓㄤ
馥,ㄈㄨˋ
所,ㄙㄨㄛˇ
扁,"ㄅㄧㄢˇ
ㄆㄧㄢ"
扇,"ㄕㄢˋ
ㄕㄢ"
馬,ㄇㄚˇ
馭,ㄩˋ
馮,"ㄈㄥˊ
ㄆㄧㄥˊ"
扉,ㄈㄟ
扎,"ㄓㄚ
ㄓㄚˊ"
才,ㄘㄞˊ
版,ㄅㄢˇ
幅,ㄈㄨˊ
漿,ㄐㄧㄤ
氏,"ㄕˋ
ㄓ"
那,ㄋㄚˋ
氈,ㄓㄢ
邦,ㄅㄤ
邸,ㄉㄧˇ
民,ㄇㄧㄣˊ
幔,ㄇㄢˋ
蚜,ㄧㄚˊ
凸,ㄊㄨˊ
邱,ㄑㄧㄡ
邳,ㄆㄟˊ
邵,ㄕㄠˋ
氛,ㄈㄣ
彰,ㄓㄤ
氧,ㄧㄤˇ
幢,ㄔㄨㄤˊ
氣,ㄑㄧˋ
鉤,ㄍㄡ
邀,ㄧㄠ
邁,ㄇㄞˋ
氯,ㄌㄩˋ
蕃,"ㄈㄢˊ
ㄈㄢ"
還,"ㄏㄞˊ
ㄏㄨㄢˊ"
褥,ㄖㄨˋ
氫,ㄑㄧㄥ
邇,ㄦˇ
水,ㄕㄨㄟˇ
平,ㄆㄧㄥˊ
干,ㄍㄢ
年,ㄋㄧㄢˊ
并,ㄅㄧㄥˋ
幹,ㄍㄢˋ
邑,ㄧˋ
幻,ㄏㄨㄢˋ
氾,ㄈㄢˋ
幽,ㄧㄡ
幼,ㄧㄡˋ
幾,"ㄐㄧ
ㄐㄧˇ"
截,ㄐㄧㄝˊ
姚,ㄧㄠˊ
螺,ㄌㄨㄛˊ
褓,ㄅㄠˇ
褒,ㄅㄠ
姜,ㄐㄧㄤ
姓,ㄒㄧㄥˋ
姒,ㄙˋ
煙,ㄧㄢ
姐,ㄐㄧㄝˇ
煞,"ㄕㄚˋ
ㄕㄚ"
委,ㄨㄟˇ
始,ㄕˇ
姊,"ㄗˇ
ㄐㄧㄝˇ"
野,ㄧㄝˇ
姍,ㄕㄢ
煉,ㄌㄧㄢˋ
煎,ㄐㄧㄢ
煌,ㄏㄨㄤˊ
姻,ㄧㄣ
煲,ㄅㄠ
姿,ㄗ
漏,ㄌㄡˋ
舞,ㄨˇ
煽,ㄕㄢ
姦,ㄐㄧㄢ
姪,ㄓˊ
頡,ㄐㄧㄝˊ
姨,ㄧˊ
照,ㄓㄠˋ
煦,ㄒㄩˇ
煥,ㄏㄨㄢˋ
煤,ㄇㄟˊ
釣,ㄉㄧㄠˋ
煩,ㄈㄢˊ
煮,ㄓㄨˇ
翦,ㄐㄧㄢˇ
咄,ㄉㄨㄛˋ